time (minutes),temperature (Â°C),precipitation (mm)
0.0,8.673782161958732,6.595298534684842
60.0,14.885116553189778,6.990173411424668
120.0,15.121397448782789,15.779346463714246
180.0,18.284134170027865,3.647365838412364
240.0,18.6242674880301,4.3248759716911795
300.0,16.79700195955123,0.0
360.0,20.914771158533352,0.0
420.0,21.32743501824688,0.0
480.0,18.16064353039861,0.0
540.0,17.03250457769972,0.0
600.0,17.044573555237424,0.0
660.0,12.992159139519332,0.0
720.0,9.895375393708038,0.0
780.0,7.066068382876866,0.0
840.0,5.95733160382521,0.0
900.0,2.6843466532296323,0.0
960.0,2.3721327289850747,2.0
1020.0,1.331027321249001,0.0
1080.0,-0.0003959995211773315,0.0
1140.0,0.6765391310880973,1.0
1200.0,1.9733476349526604,0.0
1260.0,1.8473947837453424,0.0
1320.0,5.19445675211333,1.0
1380.0,7.906259558640392,0.0
1440.0,8.800220768138727,0.0
1500.0,14.19549199850509,0.0
1560.0,18.1224242840057,0.0
1620.0,19.473516021446784,1.0
1680.0,17.523934763946173,0.0
1740.0,18.209657970898444,1.0
1800.0,19.108612791992034,0.0
1860.0,19.418018810675928,0.0
1920.0,19.595246837048002,0.0
1980.0,17.066612162673866,1.0
2040.0,14.49103219593673,1.0
2100.0,12.085305917518681,0.0
2160.0,11.78692641847854,0.0
2220.0,5.458793308236979,0.0
2280.0,5.432023743113788,0.0
2340.0,2.8430953888838584,0.0
2400.0,1.7657717686232124,0.0
2460.0,-1.9779366469524948,0.0
2520.0,-1.08109745240374,1.0
2580.0,-0.7402319223888595,0.0
2640.0,1.222363402907658,0.0
2700.0,3.933872249275317,0.0
2760.0,4.2073788461141834,0.0
2820.0,6.715967407610092,0.0
2880.0,10.169316269551457,0.0
2940.0,15.523469939785446,1.0
3000.0,13.321763224948656,0.0
3060.0,17.508816362692176,0.0
3120.0,17.07064009222117,0.0
3180.0,22.42583846718155,0.0
3240.0,20.905919589458716,1.0
3300.0,18.733291356504257,1.0
3360.0,16.733372458798602,0.0
3420.0,17.50735378143441,0.0
3480.0,16.433124286980824,0.0
3540.0,11.420516903173946,0.0
3600.0,11.840068799351062,0.0
3660.0,7.677415141488352,0.0
3720.0,4.986548387819568,0.0
3780.0,2.6407821975081367,0.0
3840.0,2.920690384929616,0.0
3900.0,1.5711392711237369,0.0
3960.0,3.066341313892197,0.0
4020.0,1.8943540246661243,0.0
4080.0,1.8234143231627111,2.0
4140.0,5.080964051391331,1.0
4200.0,4.876405155400171,0.0
4260.0,6.31823685070597,0.0
4320.0,11.470137748865914,0.0
4380.0,12.090951294064434,0.0
4440.0,15.219756673400216,1.0
4500.0,17.98508274725073,0.0
4560.0,20.21170649329325,0.0
4620.0,17.242865344949017,1.0
4680.0,19.30229762645058,0.0
4740.0,19.668531507133853,0.0
4800.0,17.582516158897715,0.0
4860.0,18.51190437671469,0.0
4920.0,14.697085888166832,0.0
4980.0,13.005771106150704,0.0
5040.0,10.222874960347037,0.0
5100.0,5.499995327772698,1.0
5160.0,6.529243553514271,0.0
5220.0,3.6606635867737043,1.0
5280.0,-0.5397886572130468,0.0
5340.0,0.8258733912808863,0.0
5400.0,-2.404763691301334,0.0
5460.0,-0.586107528580168,1.0
5520.0,2.5865193282376246,0.0
5580.0,2.7950321758508774,1.0
5640.0,6.357531635329875,0.0
5700.0,7.392907456650034,0.0
5760.0,9.07308325270997,1.0
5820.0,11.80528953578737,0.0
5880.0,17.088460307127676,0.0
5940.0,15.991720151835388,0.0
6000.0,19.05769603989627,0.0
6060.0,18.373163666798934,0.0
6120.0,20.256979986570553,0.0
6180.0,19.472575066443113,0.0
6240.0,19.044613884691582,0.0
6300.0,19.319541805772225,0.0
6360.0,11.662103485823128,0.0
6420.0,13.811313347028323,0.0
6480.0,10.269151721923848,0.0
6540.0,8.27965721470469,0.0
6600.0,7.151771104539564,0.0
6660.0,2.510207220573854,0.0
6720.0,1.8198207503230122,0.0
6780.0,-0.8179801135499741,0.0
6840.0,0.5831398194604148,0.0
6900.0,1.0103503869846462,0.0
6960.0,-2.233861982184565,0.0
7020.0,5.423433931143694,0.0
7080.0,7.343717535831258,1.0
7140.0,5.260479549014778,0.0
7200.0,6.672076492819022,0.0
7260.0,11.111650286974001,0.0
7320.0,15.75407642460751,2.0
7380.0,16.52944457950726,0.0
7440.0,18.980439539701607,1.0
7500.0,17.84402563786993,0.0
7560.0,21.90718181793971,0.0
7620.0,21.889738448925076,0.0
7680.0,20.1616279909012,0.0
7740.0,15.964302447864714,0.0
7800.0,16.522664123167694,0.0
7860.0,14.243696238996309,0.0
7920.0,9.810656935162823,0.0
7980.0,7.678794186462774,0.0
8040.0,4.4803570322911614,0.0
8100.0,2.24668267780534,0.0
8160.0,3.878502440160755,0.0
8220.0,2.2059645168712434,0.0
8280.0,-0.07884826121974903,0.0
8340.0,0.8514842749437724,0.0
8400.0,1.1392616718682846,0.0
8460.0,4.537650510871085,0.0
8520.0,5.947107858677127,0.0
8580.0,7.951925921232547,1.0
8640.0,8.201822229776173,0.0
8700.0,14.532580550285545,0.0
8760.0,12.34278328616115,1.0
8820.0,16.59034055747298,1.0
8880.0,17.560809057806132,0.0
8940.0,18.857969044046026,1.0
9000.0,20.82380368645596,7.370805863495406
9060.0,20.150468809490302,4.774124990797023
9120.0,20.194598976721217,11.603231094070525
9180.0,20.47170605168663,3.3996467219464517
9240.0,18.933663818663124,2.8749917634290525
9300.0,12.455111624174986,0.0
9360.0,12.754516796132233,0.0
9420.0,10.018844971866905,0.0
9480.0,3.556824766235035,0.0
9540.0,3.088442228379357,0.0
9600.0,0.570525595797621,0.0
9660.0,-3.284755008541885,0.0
9720.0,1.958404303228677,1.0
9780.0,2.2285203146930197,2.0
9840.0,2.5705379658626195,0.0
9900.0,3.942626550705187,0.0
9960.0,5.405037224266549,0.0
10020.0,5.285176189318005,0.0
10080.0,9.107181490808632,1.0
10140.0,14.20872492532155,2.0
10200.0,17.553891622677135,0.0
10260.0,14.919667180315331,0.0
10320.0,18.223620519206037,0.0
10380.0,19.396023622566002,0.0
10440.0,23.68133911174037,0.0
10500.0,19.219194382834182,1.0
10560.0,20.4849524287489,0.0
10620.0,16.423054238311426,0.0
10680.0,16.512411410173844,0.0
10740.0,14.57915861260615,1.0
10800.0,12.388772808868602,0.0
10860.0,5.90310433425613,0.0
10920.0,5.852115017639243,0.0
10980.0,4.777444338632009,0.0
11040.0,0.1615814949823493,0.0
11100.0,-1.0822793927390364,0.0
11160.0,2.5268337599038317,0.0
11220.0,1.33008995648887,0.0
11280.0,3.434762414246524,0.0
11340.0,3.151375100791833,0.0
11400.0,4.748525519743827,0.0
11460.0,7.642862973602217,0.0
11520.0,9.863122696486155,1.0
11580.0,16.527886311310183,0.0
11640.0,16.10874991942791,0.0
11700.0,18.16370682490342,2.0
11760.0,20.776107625860146,0.0
11820.0,21.67611488687986,0.0
11880.0,21.700092158057622,0.0
11940.0,19.047564601107183,0.0
12000.0,18.909202035566576,0.0
12060.0,17.829816293898933,0.0
12120.0,16.414918463983533,2.0
12180.0,15.849886344597396,1.0
12240.0,6.8479330713553015,0.0
12300.0,8.686600226651047,0.0
12360.0,5.300822449892762,0.0
12420.0,5.856253849488877,0.0
12480.0,2.1141195144061005,0.0
12540.0,0.4538721772825389,0.0
12600.0,-3.3460359408781435,0.0
12660.0,0.594298888847344,0.0
12720.0,1.7770972541693477,0.0
12780.0,5.0849255258807755,0.0
12840.0,6.813473176689197,0.0
12900.0,9.977157070490875,0.0
12960.0,10.052452640943931,0.0
13020.0,14.021843944255107,1.0
13080.0,16.293480887277394,0.0
13140.0,17.85615756087457,0.0
13200.0,20.638456163856425,1.0
13260.0,21.79386461074583,0.0
13320.0,20.164314983871932,0.0
13380.0,19.477513136251098,0.0
13440.0,19.168877945287264,0.0
13500.0,19.07407125624504,0.0
13560.0,16.672181062531937,0.0
13620.0,12.904674850960847,0.0
13680.0,9.663388001443533,0.0
13740.0,8.733390236425702,1.0
13800.0,7.1817802099718415,1.0
13860.0,3.2090737849993594,0.0
13920.0,2.1256002303393724,0.0
13980.0,3.0287453695561544,0.0
14040.0,4.005557742045951,1.0
14100.0,2.632067555713617,1.0
14160.0,4.450455687077902,0.0
14220.0,3.95118145641171,0.0
14280.0,5.209115681739471,1.0
14340.0,7.854452071298675,1.0
14400.0,11.318814930190534,0.0
14460.0,14.412832739518135,0.0
14520.0,15.921306204891199,0.0
14580.0,20.097293908353684,0.0
14640.0,18.30313095952489,0.0
14700.0,20.730153063911004,0.0
14760.0,21.769734384642707,1.0
14820.0,18.281435445243872,0.0
14880.0,20.563674282418788,1.0
14940.0,15.343410676955509,0.0
15000.0,15.983012839791014,2.0
15060.0,13.596253947749656,0.0
15120.0,8.848427328002025,0.0
15180.0,5.89260705379859,0.0
15240.0,4.0253175076482,1.0
15300.0,0.892920706926005,0.0
15360.0,3.551659709736061,1.0
15420.0,3.732986850154818,1.0
15480.0,1.2465024544965408,1.0
15540.0,1.5183056159750485,0.0
15600.0,2.428868016208792,1.0
15660.0,4.463809963071283,0.0
15720.0,6.39325707768358,1.0
15780.0,8.721956432079889,1.0
15840.0,9.177459862683644,0.0
15900.0,14.763820795439841,0.0
15960.0,13.85656131752814,0.0
16020.0,17.239160344320414,0.0
16080.0,21.172499238434217,0.0
16140.0,22.48345259167912,0.0
16200.0,22.95780583092757,0.0
16260.0,21.370870218431183,1.0
16320.0,19.946506750674462,1.0
16380.0,20.523961878222565,0.0
16440.0,17.04910116085307,1.0
16500.0,15.55139138499458,1.0
16560.0,12.110527777761202,0.0
16620.0,8.113001784292775,0.0
16680.0,6.2507554140299355,0.0
16740.0,3.4804868660690036,0.0
16800.0,1.7501673173736148,0.0
16860.0,3.226621972192415,0.0
16920.0,-0.64880366167634,0.0
16980.0,1.3337937404758131,0.0
17040.0,2.6425819749003634,0.0
17100.0,2.308409783763692,0.0
17160.0,8.344128015468039,1.0
17220.0,11.702866385866052,0.0
17280.0,10.741634244341572,0.0
17340.0,13.369414209341198,1.0
17400.0,17.463046735048092,0.0
17460.0,19.739309452386866,0.0
17520.0,19.23836253467363,0.0
17580.0,19.09311512918612,0.0
17640.0,23.090110692321776,0.0
17700.0,22.89888293246171,0.0
17760.0,20.356665022864906,0.0
17820.0,19.62312071585169,0.0
17880.0,15.569860124380872,0.0
17940.0,14.115848339247446,1.0
18000.0,13.993214076623286,2.931031987005964
18060.0,6.950232950779867,12.099203613163239
18120.0,6.022706392772535,4.952831186654478
18180.0,4.8391094776942225,8.309794841274055
18240.0,2.2830067570155657,13.911707100390029
18300.0,1.0786822189503495,0.0
18360.0,0.18923443610337554,0.0
18420.0,1.049009726708142,0.0
18480.0,3.6498144814301714,1.0
18540.0,4.982086649557787,0.0
18600.0,6.1274950574762395,0.0
18660.0,10.15096422631786,0.0
18720.0,12.088074456873922,1.0
18780.0,13.398151784147297,0.0
18840.0,13.101624271684019,0.0
18900.0,17.144391686248174,0.0
18960.0,19.477106123933766,0.0
19020.0,19.853967504198195,0.0
19080.0,21.514820657356,0.0
19140.0,21.047755423841963,2.0
19200.0,19.42477564189573,1.0
19260.0,18.453462859265176,0.0
19320.0,15.556781862407325,0.0
19380.0,15.744992167442437,0.0
19440.0,9.59569112365441,0.0
19500.0,8.614885234514386,0.0
19560.0,5.470926029629653,0.0
19620.0,2.2393336638502217,0.0
19680.0,1.1694648122202178,0.0
19740.0,-0.6208218303510573,1.0
19800.0,0.09337473506471161,1.0
19860.0,3.6763928589231587,0.0
19920.0,1.4922732702430614,0.0
19980.0,2.631897979028928,0.0
20040.0,6.843712466698353,0.0
20100.0,9.025048326471968,1.0
20160.0,9.727889979272513,0.0
20220.0,14.39411658356791,0.0
20280.0,17.230165847709813,1.0
20340.0,18.398481063617087,0.0
20400.0,21.372263633547853,1.0
20460.0,21.611249481138277,0.0
20520.0,20.262928749026372,0.0
20580.0,18.414007159220656,1.0
20640.0,20.96007033398441,1.0
20700.0,19.16188396026524,0.0
20760.0,17.129981360634467,0.0
20820.0,12.5080812251493,0.0
20880.0,12.895434269885403,0.0
20940.0,9.527535478135423,0.0
21000.0,5.121263526844948,0.0
21060.0,5.666800776097515,1.0
21120.0,4.549869017557343,0.0
21180.0,-0.5167931360387088,0.0
21240.0,2.1745350671388635,0.0
21300.0,3.279609780213567,0.0
21360.0,1.6192999782872128,0.0
21420.0,2.6737097160963152,1.0
21480.0,4.751678245090984,0.0
21540.0,10.829126313396594,0.0
21600.0,11.450905846436104,0.0
21660.0,14.942655934293402,0.0
21720.0,14.436028436840408,0.0
21780.0,16.762203972744768,0.0
21840.0,18.127259229414385,2.0
21900.0,22.344540540071836,0.0
21960.0,23.42438980757644,0.0
22020.0,21.667773477087113,0.0
22080.0,21.879324452375155,1.0
22140.0,18.927963804125383,0.0
22200.0,18.234448229405466,1.0
22260.0,11.179999698275289,0.0
22320.0,9.387397087129827,0.0
22380.0,7.623932071744281,0.0
22440.0,7.085558433683498,0.0
22500.0,4.591729549168438,0.0
22560.0,2.5538334862902707,1.0
22620.0,1.8779700458679955,0.0
22680.0,-0.016972715367099322,0.0
22740.0,0.30903496623769433,1.0
22800.0,1.0752988534352705,0.0
22860.0,5.107684558337605,0.0
22920.0,6.249984334800781,0.0
22980.0,6.663467522697536,0.0
23040.0,11.745703354682943,0.0
23100.0,12.902729038793797,0.0
23160.0,15.702807095705747,1.0
23220.0,19.39498006519461,1.0
23280.0,20.55233172659504,0.0
23340.0,22.390948425289604,0.0
23400.0,21.359369486368188,0.0
23460.0,20.32574909010252,0.0
23520.0,20.726779146928465,0.0
23580.0,17.813472875096053,0.0
23640.0,16.307434654702977,0.0
23700.0,11.45446086904358,0.0
23760.0,9.47834581085089,0.0
23820.0,5.0997259054337425,1.0
23880.0,6.645364519957747,1.0
23940.0,4.823699372453447,1.0
24000.0,4.693441162061459,0.0
24060.0,1.6391352827801045,1.0
24120.0,2.8630881450937062,0.0
24180.0,3.3528847341138754,0.0
24240.0,2.883041289844474,0.0
24300.0,4.842516548271352,1.0
24360.0,4.109124142548892,0.0
24420.0,10.199328136648578,0.0
24480.0,10.448813771856578,0.0
24540.0,12.371840231741032,0.0
24600.0,17.66398768517762,0.0
24660.0,18.648987636025343,0.0
24720.0,22.377761978272012,0.0
24780.0,21.36088522770574,0.0
24840.0,22.32643755907321,0.0
24900.0,20.952916624905573,0.0
24960.0,18.416431113828715,0.0
25020.0,18.343338161140533,0.0
25080.0,17.196500930652295,0.0
25140.0,11.255117266178326,0.0
25200.0,15.130674472557203,3.0
25260.0,9.370328038942883,0.0
25320.0,9.1326775442243,0.0
25380.0,6.363014480127925,0.0
25440.0,5.0114673589868595,0.0
25500.0,1.863870722611403,0.0
25560.0,2.071973014110063,0.0
25620.0,0.6101098405724596,1.0
25680.0,5.798935649824845,0.0
25740.0,5.558594195440742,0.0
25800.0,4.358453608237195,0.0
25860.0,11.316235429902123,0.0
25920.0,9.756039972724533,0.0
25980.0,14.36253322982105,0.0
26040.0,17.454211408731204,0.0
26100.0,20.70955781366631,0.0
26160.0,21.578358622381053,0.0
26220.0,24.244777540452375,0.0
26280.0,23.16946427765215,0.0
26340.0,18.423880054830526,0.0
26400.0,19.938587927888744,1.0
26460.0,19.25997492814967,1.0
26520.0,17.117908335968192,0.0
26580.0,16.412408719020384,0.0
26640.0,9.857459825596688,0.0
26700.0,8.71871325675357,0.0
26760.0,5.935405656300469,0.0
26820.0,5.0673461243446685,0.0
26880.0,4.101530551174447,0.0
26940.0,1.5290087427744952,1.0
27000.0,1.0432080338410654,4.998127248675354
27060.0,1.8995440386284628,6.147536956398419
27120.0,2.545898066581228,13.207232025937175
27180.0,2.885674046103754,13.284508443543778
27240.0,7.795217102203823,4.520399674185989
27300.0,7.972250557693377,0.0
27360.0,10.122265000057835,1.0
27420.0,13.103752882806083,0.0
27480.0,14.930776861377682,1.0
27540.0,18.83156617136119,0.0
27600.0,17.28494968994189,0.0
27660.0,19.501750581239033,0.0
27720.0,18.89320999842631,0.0
27780.0,20.989348310364125,0.0
27840.0,20.787572238942595,1.0
27900.0,20.30161777074911,0.0
27960.0,16.824766981825547,0.0
28020.0,12.963121600266534,0.0
28080.0,9.182390912706264,1.0
28140.0,8.281123081329048,0.0
28200.0,8.95929416809512,0.0
28260.0,6.311524614076896,0.0
28320.0,3.8609779998508387,0.0
28380.0,-0.4853993240225587,0.0
28440.0,5.099826789536888,0.0
28500.0,0.6722522477344748,0.0
28560.0,1.7080857989014773,0.0
28620.0,2.1458466278549997,0.0
28680.0,6.37450089958829,0.0
28740.0,12.47131937552901,0.0
28800.0,11.466192925430823,0.0
28860.0,15.117508507078607,0.0
28920.0,14.95016703818943,0.0
28980.0,20.452241354899343,0.0
29040.0,19.710441193508682,0.0
29100.0,23.844950269197867,0.0
29160.0,25.265024362681185,1.0
29220.0,20.84889677683449,0.0
29280.0,22.279611938255403,0.0
29340.0,20.18389764358096,0.0
29400.0,16.649367971518465,0.0
29460.0,15.936993360686037,0.0
29520.0,12.713132337452048,1.0
29580.0,8.473878029145968,0.0
29640.0,8.676101923163404,0.0
29700.0,6.589662949597308,0.0
29760.0,2.510417023788707,0.0
29820.0,1.7203993763044108,0.0
29880.0,1.946313361353306,1.0
29940.0,-0.5478329407919045,1.0
30000.0,4.375722922173769,0.0
30060.0,5.026198769399253,0.0
30120.0,5.85300856342974,0.0
30180.0,9.31331471982042,1.0
30240.0,9.843917317511263,0.0
30300.0,13.192415178401415,0.0
30360.0,18.841026975550726,0.0
30420.0,17.772488006483414,0.0
30480.0,22.9152974353684,0.0
30540.0,20.313569990627915,0.0
30600.0,22.63700158043887,0.0
30660.0,21.934567337142852,1.0
30720.0,19.852351577686722,1.0
30780.0,17.62737824836043,0.0
30840.0,16.286180012539095,0.0
30900.0,14.732259229154845,0.0
30960.0,10.677567865853836,0.0
31020.0,7.749310298080644,0.0
31080.0,6.6817677630846655,1.0
31140.0,1.374750655255335,0.0
31200.0,5.123193435942701,0.0
31260.0,1.8031674903888661,0.0
31320.0,1.9328525234354843,0.0
31380.0,2.1265707631798385,0.0
31440.0,0.5781090464089398,0.0
31500.0,4.0706478376679955,0.0
31560.0,6.954058894137231,1.0
31620.0,8.357792525531503,0.0
31680.0,10.69799476846856,0.0
31740.0,14.23753441370098,1.0
31800.0,18.65534805284988,0.0
31860.0,18.215770423136192,0.0
31920.0,20.07134705735694,0.0
31980.0,23.016052674246883,0.0
32040.0,23.428217648328268,0.0
32100.0,20.053139816284293,0.0
32160.0,19.679292859631232,0.0
32220.0,18.94990666397026,0.0
32280.0,17.73951894180927,0.0
32340.0,17.698611707086787,0.0
32400.0,12.209866877628698,0.0
32460.0,9.099065532251059,0.0
32520.0,9.265900426193893,0.0
32580.0,4.541310984588818,0.0
32640.0,0.9586310744329407,0.0
32700.0,2.3541445688195086,0.0
32760.0,0.08514371410106891,0.0
32820.0,0.1768121456605578,0.0
32880.0,6.362958417438292,0.0
32940.0,3.304507270079314,1.0
33000.0,7.221976304530021,0.0
33060.0,10.573657283634951,0.0
33120.0,12.209567453759616,0.0
33180.0,14.904631047886744,0.0
33240.0,16.63619632184067,0.0
33300.0,17.148313529549576,1.0
33360.0,22.004002013038644,0.0
33420.0,21.533426310352176,1.0
33480.0,23.517412506182907,1.0
33540.0,22.21484136864856,0.0
33600.0,23.48928540163717,0.0
33660.0,20.46174717045375,0.0
33720.0,14.367183188064319,1.0
33780.0,14.261567352807907,0.0
33840.0,11.47801602034112,1.0
33900.0,12.40196130338666,0.0
33960.0,7.579961912850443,0.0
34020.0,6.020526006321642,0.0
34080.0,3.7654463683418196,0.0
34140.0,0.7605049498060446,2.0
34200.0,-0.6403934224865733,1.0
34260.0,-0.9727677349781265,0.0
34320.0,4.59354030516052,0.0
34380.0,8.755064209756682,0.0
34440.0,6.887087410069271,0.0
34500.0,11.842502011339644,0.0
34560.0,14.157540703918242,0.0
34620.0,14.215998122764962,1.0
34680.0,15.536876714092728,0.0
34740.0,18.36346789116912,0.0
34800.0,21.493960343709066,0.0
34860.0,21.03136733902247,0.0
34920.0,18.906494220201,1.0
34980.0,22.91046515094731,0.0
35040.0,22.121234854778212,0.0
35100.0,17.30265416913981,0.0
35160.0,15.727968721948589,0.0
35220.0,14.402607538507308,0.0
35280.0,11.635260696519932,1.0
35340.0,9.033072164818387,1.0
35400.0,7.642366283889879,0.0
35460.0,4.730387452562109,0.0
35520.0,3.6996716523101583,0.0
35580.0,1.3310646757388118,0.0
35640.0,2.4880410339161063,0.0
35700.0,3.6609426287811444,0.0
35760.0,3.328896020539574,1.0
35820.0,1.7703502940878266,0.0
35880.0,5.848540772653738,0.0
35940.0,8.512733031856238,0.0
36000.0,14.508428387759505,8.246607983541402
36060.0,14.040101770104101,6.956545426110874
36120.0,16.507182615969047,4.2302651568750775
36180.0,18.830958520017344,2.2535143012164025
36240.0,23.0587140623564,3.31805882636519
36300.0,21.07450242399548,0.0
36360.0,20.47538478657025,0.0
36420.0,19.990715220681075,0.0
36480.0,20.568141298375203,0.0
36540.0,21.196134089085866,0.0
36600.0,15.860101317132898,0.0
36660.0,13.611317523088228,0.0
36720.0,13.147232170903456,0.0
36780.0,8.98187672238633,0.0
36840.0,5.022810110131891,0.0
36900.0,2.27841766081959,0.0
36960.0,3.0207212034082436,1.0
37020.0,1.4489136806094656,0.0
37080.0,1.7065576735291206,0.0
37140.0,2.0122360689267857,0.0
37200.0,6.535749775226657,0.0
37260.0,2.8349148237245245,0.0
37320.0,6.628547644395756,1.0
37380.0,9.966880189453569,0.0
37440.0,12.662050647593642,0.0
37500.0,18.03054017389585,0.0
37560.0,13.598731586098053,0.0
37620.0,18.630327411832234,0.0
37680.0,23.5678359300119,0.0
37740.0,19.703483766886887,0.0
37800.0,22.700155599045107,0.0
37860.0,20.72955536655786,0.0
37920.0,20.543160225161113,0.0
37980.0,19.421016130907045,0.0
38040.0,17.426774388374433,1.0
38100.0,12.620242118572065,0.0
38160.0,12.003240303907207,0.0
38220.0,9.905014785083615,0.0
38280.0,4.927128164706074,0.0
38340.0,5.4605030767598395,0.0
38400.0,4.7222955220792215,0.0
38460.0,2.244873841137277,0.0
38520.0,2.506601011043323,0.0
38580.0,5.176460985799117,0.0
38640.0,3.8522396540138244,0.0
38700.0,2.6663453750122152,0.0
38760.0,7.567550794155605,0.0
38820.0,9.268476844942315,1.0
38880.0,8.591468440512635,0.0
38940.0,14.833104390569384,0.0
39000.0,16.44777515094028,0.0
39060.0,18.65924515191411,0.0
39120.0,22.949368570897146,0.0
39180.0,23.451910835427924,1.0
39240.0,21.811017975232854,0.0
39300.0,20.54081743676281,0.0
39360.0,19.649844944906835,0.0
39420.0,16.323087745077373,1.0
39480.0,18.922445530925884,0.0
39540.0,14.84068658648356,0.0
39600.0,9.641647924676255,0.0
39660.0,8.644444631405225,0.0
39720.0,6.089610834812574,1.0
39780.0,3.2319182148330112,1.0
39840.0,4.138894254272356,0.0
39900.0,1.697373685843438,0.0
39960.0,1.893756352787251,0.0
40020.0,2.3379104593995117,0.0
40080.0,4.934324640269988,0.0
40140.0,6.251543897857209,0.0
40200.0,8.653510840432961,1.0
40260.0,8.430961691862196,1.0
40320.0,9.678157073273187,0.0
40380.0,15.1484508640705,0.0
40440.0,16.33504645291678,1.0
40500.0,18.627112559065,0.0
40560.0,20.65661995532023,1.0
40620.0,21.512592197856137,0.0
40680.0,22.96257762258398,0.0
40740.0,25.34697884806831,0.0
40800.0,22.768328312753468,1.0
40860.0,22.138866981645144,1.0
40920.0,17.397403395938134,0.0
40980.0,15.011104542755623,0.0
41040.0,11.497871320266654,0.0
41100.0,11.904266718904841,0.0
41160.0,8.945416149826901,0.0
41220.0,6.520107829175928,0.0
41280.0,3.21696424320802,0.0
41340.0,0.862974483991755,0.0
41400.0,2.3216967852049812,0.0
41460.0,3.7678891706646693,1.0
41520.0,4.692236982440291,0.0
41580.0,5.246044450323396,0.0
41640.0,9.282002130618773,0.0
41700.0,12.544206436685126,0.0
41760.0,11.53554673288759,0.0
41820.0,13.280177773912603,0.0
41880.0,14.632409608166316,0.0
41940.0,19.026884421419577,0.0
42000.0,21.11867149292087,0.0
42060.0,22.207587222547517,0.0
42120.0,26.24599913164959,0.0
42180.0,21.396136840034615,0.0
42240.0,19.548527785288787,0.0
42300.0,20.683589357782395,0.0
42360.0,17.813603195677267,1.0
42420.0,13.744338465341047,0.0
42480.0,12.810277066292214,0.0
42540.0,11.600572385234535,0.0
42600.0,7.52041835904712,1.0
42660.0,3.781369686857295,0.0
42720.0,5.512762190873865,0.0
42780.0,2.3386736813795186,1.0
42840.0,4.269353882406575,0.0
42900.0,4.3541786308856185,0.0
42960.0,3.774084338697401,0.0
43020.0,7.901091451303929,0.0
43080.0,9.359161977705549,1.0
43140.0,10.367522111557438,0.0
43200.0,13.379991684323212,1.0
43260.0,14.801848522378256,0.0
43320.0,16.978561027021723,0.0
43380.0,22.15534521164094,0.0
43440.0,20.088685596639625,0.0
43500.0,22.634353046301076,0.0
43560.0,21.628404041648963,0.0
43620.0,23.909917837114165,0.0
43680.0,20.16597669802745,0.0
43740.0,19.096134881691178,0.0
43800.0,20.07713698049944,0.0
43860.0,15.036002773293122,0.0
43920.0,12.430635355355072,0.0
43980.0,11.530118097253208,0.0
44040.0,8.769293359115387,0.0
44100.0,5.335679107380276,0.0
44160.0,3.0159248440205895,1.0
44220.0,5.318125380236354,0.0
44280.0,3.3626407120773427,0.0
44340.0,4.649910955787213,0.0
44400.0,3.6394568398549483,0.0
44460.0,5.439495578187815,0.0
44520.0,8.251708689582145,0.0
44580.0,6.585814554925148,0.0
44640.0,13.484071207336818,0.0
44700.0,13.94707210992606,0.0
44760.0,18.47582546008567,1.0
44820.0,17.672327103010158,0.0
44880.0,20.60220331041568,0.0
44940.0,26.191846906982587,0.0
45000.0,23.718174720635776,6.378693931330207
45060.0,22.24088953105063,12.427103609177266
45120.0,21.207034724219227,13.212527702302753
45180.0,17.4585435148078,7.69175525847503
45240.0,21.25202764727136,3.841503210006514
45300.0,14.599709752580855,0.0
45360.0,12.27202761255337,0.0
45420.0,9.00727523822051,1.0
45480.0,5.331795207311419,0.0
45540.0,5.59312649427823,0.0
45600.0,3.2351412640526434,2.0
45660.0,2.821481641997281,0.0
45720.0,5.079833921271967,0.0
45780.0,4.1118815936882935,1.0
45840.0,4.629004622859336,0.0
45900.0,4.306436309640775,1.0
45960.0,7.407738160178097,0.0
46020.0,9.750260198932839,0.0
46080.0,12.920752996543376,0.0
46140.0,15.590709355466759,1.0
46200.0,18.94668138064936,0.0
46260.0,19.61557699104197,0.0
46320.0,21.196697736470725,0.0
46380.0,20.700240291579547,1.0
46440.0,22.37749677275003,1.0
46500.0,24.034253735076867,0.0
46560.0,23.29361998343263,0.0
46620.0,20.025549212117756,0.0
46680.0,18.781841814498595,0.0
46740.0,15.43693534720046,0.0
46800.0,12.131198028111212,0.0
46860.0,7.45117498588212,1.0
46920.0,7.9740162040874605,0.0
46980.0,6.433464737350258,0.0
47040.0,5.427720262617619,0.0
47100.0,3.5627158491888,2.0
47160.0,1.200570580845138,0.0
47220.0,1.7438963362211406,0.0
47280.0,4.996992402609815,0.0
47340.0,6.64590780622907,0.0
47400.0,9.733290935248904,0.0
47460.0,11.660266864223003,0.0
47520.0,12.554157764208275,0.0
47580.0,16.81793259403767,1.0
47640.0,19.16026280942789,0.0
47700.0,19.119888796134145,0.0
47760.0,21.198286017587872,1.0
47820.0,24.261829456295146,0.0
47880.0,22.002595821081023,0.0
47940.0,23.615871463421637,1.0
48000.0,23.038273603446086,0.0
48060.0,19.02765306516982,0.0
48120.0,17.921234585314867,0.0
48180.0,16.70281645795858,0.0
48240.0,12.715405957551308,0.0
48300.0,10.822898469936806,1.0
48360.0,9.368203556232558,0.0
48420.0,8.740254409748133,1.0
48480.0,4.1964260960332265,0.0
48540.0,4.6814166622275195,0.0
48600.0,1.7956512450400013,0.0
48660.0,4.140600750716471,0.0
48720.0,1.100364261441721,0.0
48780.0,5.2165653189566425,0.0
48840.0,8.40265538186452,0.0
48900.0,10.324914578486416,1.0
48960.0,15.022264560930488,0.0
49020.0,16.701212990791593,1.0
49080.0,18.89245769149074,0.0
49140.0,19.506436661324873,1.0
49200.0,22.862875133962817,0.0
49260.0,19.35795006847805,0.0
49320.0,22.166536244780055,0.0
49380.0,21.58043056888415,0.0
49440.0,19.459562028776215,0.0
49500.0,19.36807966563395,0.0
49560.0,18.10205299823929,0.0
49620.0,15.549932108558535,0.0
49680.0,12.072301007193701,0.0
49740.0,9.038082018264994,0.0
49800.0,8.141719041546505,0.0
49860.0,6.630414359133561,0.0
49920.0,4.879375021275799,0.0
49980.0,4.029728800817157,1.0
50040.0,4.945346929931431,0.0
50100.0,5.776969001845756,0.0
50160.0,3.458619696290426,0.0
50220.0,8.234995041776703,0.0
50280.0,9.254659214455963,0.0
50340.0,11.932393403420066,1.0
50400.0,13.278426871395832,1.0
50460.0,14.225678751853724,0.0
50520.0,17.05488987868544,0.0
50580.0,21.290671160098427,0.0
50640.0,23.949747646876173,1.0
50700.0,21.6027345773782,0.0
50760.0,21.252586060749362,0.0
50820.0,19.67188644718834,0.0
50880.0,18.848933511428502,1.0
50940.0,20.134670348972616,0.0
51000.0,16.74354452669966,0.0
51060.0,14.574208843288014,0.0
51120.0,13.690456484736485,0.0
51180.0,10.452917628157016,1.0
51240.0,6.6339357890722095,0.0
51300.0,7.178889005737641,0.0
51360.0,3.082168593367852,1.0
51420.0,3.167978855740892,0.0
51480.0,1.9408152905222902,0.0
51540.0,5.47741239706969,0.0
51600.0,2.18551076821674,1.0
51660.0,7.001761628127358,0.0
51720.0,5.578891520579557,0.0
51780.0,8.926480257950566,0.0
51840.0,12.163585197647661,0.0
51900.0,15.197238364173016,1.0
51960.0,18.44380720574585,0.0
52020.0,19.89136869733129,0.0
52080.0,20.28401297619922,0.0
52140.0,23.169515238379493,0.0
52200.0,23.353823281735362,0.0
52260.0,21.551479746120908,2.0
52320.0,23.27849765791516,0.0
52380.0,18.923327926130906,0.0
52440.0,17.322038974842364,1.0
52500.0,15.722295425124962,0.0
52560.0,10.904549891754108,0.0
52620.0,10.316550537497836,0.0
52680.0,7.881542187108984,0.0
52740.0,2.7577606849724132,0.0
52800.0,7.311160516344927,0.0
52860.0,3.6022283514196154,0.0
52920.0,3.6133130523393624,0.0
52980.0,2.681805385498194,0.0
53040.0,5.388941940230662,0.0
53100.0,5.740109121143272,0.0
53160.0,6.1403028919461455,0.0
53220.0,8.640977922477358,0.0
53280.0,15.581242825918896,0.0
53340.0,14.85896699036701,0.0
53400.0,15.59557504639065,0.0
53460.0,20.5746608658376,0.0
53520.0,21.127927963595237,0.0
53580.0,23.128140912974803,0.0
53640.0,22.875027264114475,0.0
53700.0,21.702365846887755,0.0
53760.0,23.280015572850196,0.0
53820.0,20.584977135157807,0.0
53880.0,16.370598999004496,0.0
53940.0,14.815998497220505,1.0
54000.0,11.512481651493584,6.443047515138634
54060.0,13.200011429541703,12.286182639793884
54120.0,8.277333299016531,9.909284415285903
54180.0,5.010685394244627,14.664009511047007
54240.0,4.229138784782464,6.295974840593573
54300.0,3.421470646466248,0.0
54360.0,3.0800761276502606,0.0
54420.0,4.491764726249169,0.0
54480.0,3.6197305894784315,0.0
54540.0,5.294558631109132,0.0
54600.0,6.134592529937086,0.0
54660.0,11.710153333550213,1.0
54720.0,14.938958202164415,0.0
54780.0,14.700778247521386,0.0
54840.0,19.356537878040452,0.0
54900.0,22.640550673158355,0.0
54960.0,20.19305320844468,0.0
55020.0,22.04377967492476,0.0
55080.0,23.83490604949299,0.0
55140.0,21.84159470930214,0.0
55200.0,22.034790138234996,0.0
55260.0,20.34303193144895,0.0
55320.0,19.68779143162993,0.0
55380.0,15.011002769951368,0.0
55440.0,15.732227912167398,0.0
55500.0,9.72073026200637,0.0
55560.0,7.741433215337643,1.0
55620.0,5.897369004757397,0.0
55680.0,6.60774726996265,0.0
55740.0,1.73201060192946,0.0
55800.0,4.37698498100048,0.0
55860.0,3.5839948093061103,0.0
55920.0,0.4398556251152246,0.0
55980.0,6.135894754513513,1.0
56040.0,5.249817435198097,0.0
56100.0,11.727167129989052,1.0
56160.0,14.905155674219769,0.0
56220.0,14.856770300839777,0.0
56280.0,14.15884989246084,0.0
56340.0,20.152109872511637,1.0
56400.0,23.87693928385059,0.0
56460.0,22.24739236451159,0.0
56520.0,23.255962666839395,0.0
56580.0,22.116677084632425,2.0
56640.0,24.37267871698609,0.0
56700.0,18.781262560904146,0.0
56760.0,19.437280957385937,0.0
56820.0,15.76917133500224,0.0
56880.0,13.322146918533395,0.0
56940.0,9.728092202820923,0.0
57000.0,7.51343211488912,0.0
57060.0,6.1909597083070755,0.0
57120.0,5.246669459007057,0.0
57180.0,3.908484584352513,1.0
57240.0,4.492197215019025,0.0
57300.0,5.402975114657196,0.0
57360.0,4.179417489231279,0.0
57420.0,6.725290144079496,0.0
57480.0,7.423176179790787,0.0
57540.0,9.904654253289078,0.0
57600.0,13.652391377053174,0.0
57660.0,17.508405020200932,0.0
57720.0,18.348830595995494,0.0
57780.0,21.770191805309203,1.0
57840.0,21.510552639275303,0.0
57900.0,24.940305021020805,0.0
57960.0,23.466558680288674,0.0
58020.0,22.475565137116664,0.0
58080.0,22.19759875942203,0.0
58140.0,20.233242564482307,0.0
58200.0,18.810406513517353,0.0
58260.0,15.198604612891836,0.0
58320.0,12.968456637592125,0.0
58380.0,12.034685278124599,0.0
58440.0,8.008219597637575,0.0
58500.0,4.8220756914208,0.0
58560.0,6.599297307555116,0.0
58620.0,3.8212048825069003,0.0
58680.0,4.5533655039521825,0.0
58740.0,3.5664922718659113,0.0
58800.0,4.47553619433591,0.0
58860.0,6.44072725283592,0.0
58920.0,7.9910769613562,0.0
58980.0,7.614138329454706,0.0
59040.0,10.737950845504924,0.0
59100.0,20.534006478594215,0.0
59160.0,17.531774361147054,0.0
59220.0,18.679169235860318,0.0
59280.0,23.96206702842992,1.0
59340.0,22.32648165831723,1.0
59400.0,22.25218943500881,1.0
59460.0,23.79604571916302,0.0
59520.0,24.757719557685945,0.0
59580.0,21.042297892082132,0.0
59640.0,18.58045935213276,0.0
59700.0,18.212304521998703,0.0
59760.0,10.966953307344546,0.0
59820.0,8.692476340863461,0.0
59880.0,9.874299257835208,0.0
59940.0,7.448821215492445,0.0
60000.0,4.509079892453887,0.0
60060.0,2.6556904766990224,0.0
60120.0,2.616711398264285,0.0
60180.0,2.4088893538634353,0.0
60240.0,2.333712105497169,0.0
60300.0,6.923616961473984,0.0
60360.0,9.266439616926029,0.0
60420.0,11.843468193514386,3.0
60480.0,12.326403176640147,0.0
60540.0,14.475404539333415,0.0
60600.0,19.245201131289242,0.0
60660.0,19.764456682148396,0.0
60720.0,23.42402512475683,0.0
60780.0,21.67549250940714,0.0
60840.0,22.26752061570251,0.0
60900.0,22.13506928860953,1.0
60960.0,26.5137530646606,2.0
61020.0,17.52281639515042,0.0
61080.0,19.29935445548841,0.0
61140.0,16.991233138144455,0.0
61200.0,13.204669849434204,0.0
61260.0,9.01893784021357,0.0
61320.0,7.849467886631992,0.0
61380.0,6.524767968172997,0.0
61440.0,3.1978895523535016,0.0
61500.0,2.3313857563345204,0.0
61560.0,3.372592851561567,0.0
61620.0,1.7269853426660684,0.0
61680.0,4.244753175031281,0.0
61740.0,8.059237278555003,0.0
61800.0,8.456121612504969,0.0
61860.0,13.817148781244075,0.0
61920.0,13.634807922780677,0.0
61980.0,16.337708263949697,0.0
62040.0,18.8694407555609,0.0
62100.0,23.22717465811546,0.0
62160.0,20.968923793555255,1.0
62220.0,23.0883227997136,0.0
62280.0,21.00800212043222,0.0
62340.0,22.792978979920633,0.0
62400.0,20.955311090456323,0.0
62460.0,21.27577904683818,0.0
62520.0,20.584331240435887,1.0
62580.0,15.23540385392425,0.0
62640.0,12.902856531909915,0.0
62700.0,12.479426440222458,1.0
62760.0,7.00025028177277,0.0
62820.0,5.77597646941199,0.0
62880.0,6.14280812032959,0.0
62940.0,1.8963850232323152,0.0
63000.0,2.6903891679040433,11.990521806431026
63060.0,4.216965883491788,8.601070535081604
63120.0,5.052792953194466,6.501891452862359
63180.0,6.535748428200421,13.808499472450272
63240.0,7.989959849024028,2.2360781239345573
63300.0,11.686471183208061,0.0
63360.0,13.611585189198024,0.0
63420.0,15.097009135294673,0.0
63480.0,19.30835167633561,0.0
63540.0,22.54193107345499,0.0
63600.0,21.027947803549335,1.0
63660.0,20.99611000793914,0.0
63720.0,22.414817302424034,1.0
63780.0,19.20841820951419,1.0
63840.0,21.905918275140447,0.0
63900.0,18.708168898358714,0.0
63960.0,18.038015125613768,0.0
64020.0,16.542195026673078,0.0
64080.0,11.8295315473112,0.0
64140.0,10.470655326645888,0.0
64200.0,10.06226637709278,0.0
64260.0,7.375765642829665,0.0
64320.0,5.830406554650844,0.0
64380.0,2.008195141369986,1.0
64440.0,2.2163938974920714,0.0
64500.0,5.071982346403365,0.0
64560.0,5.315786153016071,0.0
64620.0,4.191492913224282,0.0
64680.0,6.825459098424013,0.0
64740.0,8.337345663591615,1.0
64800.0,14.411300367804326,1.0
64860.0,16.116477127200422,0.0
64920.0,17.01714968015433,0.0
64980.0,20.27375044232486,0.0
65040.0,19.903244541843872,0.0
65100.0,22.89276748604492,0.0
65160.0,22.927903596995602,1.0
65220.0,20.770988444064198,0.0
65280.0,22.511572350489462,0.0
65340.0,20.02136844895069,0.0
65400.0,18.451016002398752,0.0
65460.0,15.992637605074687,0.0
65520.0,14.135605644001897,0.0
65580.0,7.844647630921748,1.0
65640.0,6.836353970403932,0.0
65700.0,6.641942358827539,0.0
65760.0,4.633499676658145,0.0
65820.0,3.7171359317579387,0.0
65880.0,4.068754570020751,0.0
65940.0,4.40309722800299,0.0
66000.0,4.736019614848698,0.0
66060.0,6.93633659648002,1.0
66120.0,7.863468233816386,0.0
66180.0,12.15688088741668,0.0
66240.0,14.277748689255029,1.0
66300.0,17.303734433434023,0.0
66360.0,17.71682699334505,0.0
66420.0,19.335266051564016,0.0
66480.0,24.205042457216003,0.0
66540.0,24.56565408128297,0.0
66600.0,23.03096590469535,1.0
66660.0,24.348760446600807,0.0
66720.0,23.28308265310898,0.0
66780.0,21.07417871697779,1.0
66840.0,19.561522326811993,0.0
66900.0,16.162071163399837,0.0
66960.0,15.663773812753828,1.0
67020.0,8.745074158532896,0.0
67080.0,7.525167883140693,0.0
67140.0,7.813191119914681,0.0
67200.0,5.554619791618189,0.0
67260.0,3.0305687114019726,0.0
67320.0,2.500984494863557,0.0
67380.0,3.938039781662701,0.0
67440.0,3.506205425534663,0.0
67500.0,6.690162183559732,0.0
67560.0,7.907849658211879,1.0
67620.0,11.043453056751229,0.0
67680.0,14.367342433434072,0.0
67740.0,18.83017607531289,0.0
67800.0,17.880426581433753,0.0
67860.0,19.12777635047328,0.0
67920.0,22.715081127705666,1.0
67980.0,23.037345897540867,0.0
68040.0,24.960155823249128,1.0
68100.0,23.20854319161197,0.0
68160.0,25.043644882390517,1.0
68220.0,19.528183834146216,0.0
68280.0,22.326005065369603,0.0
68340.0,17.60051379512371,1.0
68400.0,15.21240071961082,0.0
68460.0,7.724850440343949,0.0
68520.0,9.444919169602159,0.0
68580.0,6.526342062385074,0.0
68640.0,4.992200749547593,0.0
68700.0,3.2700810029522884,0.0
68760.0,1.661733469400116,0.0
68820.0,4.209660042954488,0.0
68880.0,5.898876514323465,1.0
68940.0,5.547488575128939,0.0
69000.0,9.869087601822677,0.0
69060.0,12.62061305873672,0.0
69120.0,13.910621679882752,0.0
69180.0,18.262440565043466,0.0
69240.0,17.24966823009997,0.0
69300.0,20.492527421574543,0.0
69360.0,21.258254798308386,0.0
69420.0,24.489286005716018,0.0
69480.0,25.192464990368173,0.0
69540.0,24.771842958761518,1.0
69600.0,21.51484513119356,1.0
69660.0,19.420526776917093,0.0
69720.0,19.139361780123544,1.0
69780.0,16.330670863734806,1.0
69840.0,11.192938878560614,0.0
69900.0,12.135419739144698,0.0
69960.0,9.00696087024928,0.0
70020.0,5.50606927227901,0.0
70080.0,5.087624220992427,0.0
70140.0,5.188325912690855,0.0
70200.0,4.94441434373462,0.0
70260.0,7.328200242086169,0.0
70320.0,6.442714742281436,0.0
70380.0,3.2888353944394995,0.0
70440.0,8.915467826285035,0.0
70500.0,11.545152934301152,0.0
70560.0,16.86503065390884,1.0
70620.0,16.05081004820063,0.0
70680.0,17.672757876666818,0.0
70740.0,21.49775017811243,0.0
70800.0,21.849590245654728,0.0
70860.0,23.80288128679504,0.0
70920.0,23.378831027066916,0.0
70980.0,24.720208941991686,1.0
71040.0,25.101868409220565,0.0
71100.0,22.425511955971178,0.0
71160.0,17.35407807230622,0.0
71220.0,17.225538378827718,0.0
71280.0,15.325687014080454,0.0
71340.0,11.74971320607533,0.0
71400.0,7.02217913476583,1.0
71460.0,5.604773793025962,0.0
71520.0,5.874922330168676,0.0
71580.0,4.463088090064455,0.0
71640.0,6.522697427767171,1.0
71700.0,2.810895663601182,0.0
71760.0,2.8230565069955498,0.0
71820.0,7.366481698891543,1.0
71880.0,9.104869035740606,1.0
71940.0,10.995560895485877,1.0
72000.0,12.25334525951461,9.985709695488556
72060.0,15.433105740548685,9.47135579937548
72120.0,19.544127122675825,6.293409378365895
72180.0,20.923984650431454,4.484998919227771
72240.0,21.948282003324643,11.531333309530028
72300.0,23.685445052685875,0.0
72360.0,25.016050234246006,0.0
72420.0,21.39004005621035,2.0
72480.0,20.74891152991843,0.0
72540.0,21.502066019215277,0.0
72600.0,16.728001020040626,3.0
72660.0,13.897670264765198,0.0
72720.0,13.476206820256618,0.0
72780.0,10.038084365685519,0.0
72840.0,8.435951305396813,0.0
72900.0,5.35162020979572,1.0
72960.0,5.804742971641832,0.0
73020.0,1.3704299402613915,0.0
73080.0,3.518682413847948,0.0
73140.0,4.297771456711062,0.0
73200.0,2.9593386812277744,0.0
73260.0,6.030435852225475,0.0
73320.0,12.565191374900515,0.0
73380.0,10.799583540074241,0.0
73440.0,13.352475572769226,0.0
73500.0,18.002007477643595,0.0
73560.0,20.046928591518025,1.0
73620.0,22.364621335081893,1.0
73680.0,19.8654135475675,0.0
73740.0,25.682472842000546,0.0
73800.0,25.26597309306108,0.0
73860.0,25.949792471357192,0.0
73920.0,21.658490384727994,0.0
73980.0,21.998475565395555,0.0
74040.0,20.498722411858946,0.0
74100.0,17.722274191138965,0.0
74160.0,15.406009498437552,0.0
74220.0,9.259896116285221,1.0
74280.0,8.370268982065278,0.0
74340.0,7.187645934823596,0.0
74400.0,6.883738449031219,0.0
74460.0,4.10383929698158,1.0
74520.0,3.9609594727765063,0.0
74580.0,4.1387496294409765,0.0
74640.0,3.3026151211659793,0.0
74700.0,5.8396428703216525,0.0
74760.0,7.329114862344961,0.0
74820.0,12.405152791386845,0.0
74880.0,14.1797060262396,0.0
74940.0,14.89723081561933,0.0
75000.0,18.565720154584326,0.0
75060.0,22.27980919679594,1.0
75120.0,21.851284393513126,0.0
75180.0,24.840380691457966,0.0
75240.0,25.015190017792364,2.0
75300.0,21.0896349883557,1.0
75360.0,23.978094935934045,0.0
75420.0,21.52164773060908,0.0
75480.0,17.788902161168036,1.0
75540.0,16.174285741616497,0.0
75600.0,12.830202614139644,0.0
75660.0,10.29550802579344,0.0
75720.0,9.361799343082957,1.0
75780.0,3.2237156700055847,0.0
75840.0,5.387909392292497,0.0
75900.0,3.327038306108929,0.0
75960.0,5.863075279284026,0.0
76020.0,3.5581207771378534,0.0
76080.0,5.550962914577067,0.0
76140.0,8.305923128543496,0.0
76200.0,7.5514365730129995,1.0
76260.0,11.302485499544241,0.0
76320.0,13.382973557606208,0.0
76380.0,18.03427315165887,0.0
76440.0,18.092759239073086,0.0
76500.0,20.58743824916178,0.0
76560.0,22.98066699092081,1.0
76620.0,24.26313087963548,1.0
76680.0,21.868851284106768,0.0
76740.0,24.585566771200277,0.0
76800.0,21.695812390862997,0.0
76860.0,20.544691583838386,1.0
76920.0,21.341298670822017,0.0
76980.0,16.963472987098445,0.0
77040.0,13.773564504147718,0.0
77100.0,7.820343335440244,0.0
77160.0,10.149134397637837,0.0
77220.0,6.403396236573234,0.0
77280.0,4.32027005795433,0.0
77340.0,1.942596897659302,0.0
77400.0,3.4556628012710435,0.0
77460.0,4.619757932968129,0.0
77520.0,5.1343874272286785,0.0
77580.0,8.826978534772891,1.0
77640.0,8.373356813033585,0.0
77700.0,13.725701031178978,0.0
77760.0,12.195472571624283,1.0
77820.0,16.831017814330494,0.0
77880.0,17.97833224469329,0.0
77940.0,21.101007089332324,0.0
78000.0,24.666246589166647,0.0
78060.0,21.732297072352935,0.0
78120.0,24.471702155297475,0.0
78180.0,25.38411601516277,0.0
78240.0,23.94023588039882,0.0
78300.0,22.78386759038652,0.0
78360.0,19.537681822657717,0.0
78420.0,14.915511539273195,1.0
78480.0,15.963215932105246,0.0
78540.0,11.741743497209281,0.0
78600.0,9.386471217593312,0.0
78660.0,4.196544808716734,0.0
78720.0,6.2904056332833935,0.0
78780.0,4.742822569319778,0.0
78840.0,2.574887098908807,0.0
78900.0,4.023117244054106,0.0
78960.0,5.662012570278533,0.0
79020.0,10.057153113214234,0.0
79080.0,7.670331989699175,0.0
79140.0,14.304981193525709,0.0
79200.0,12.803632471315044,1.0
79260.0,15.672247799687185,0.0
79320.0,20.549570720725242,0.0
79380.0,23.09858262245933,0.0
79440.0,20.525340477706244,0.0
79500.0,22.918721735859616,0.0
79560.0,23.255332840001397,0.0
79620.0,24.03770988046598,1.0
79680.0,20.757221616859155,0.0
79740.0,21.415237310013975,0.0
79800.0,18.695172602942517,0.0
79860.0,18.13003285895332,1.0
79920.0,12.583032060249655,0.0
79980.0,13.204377922736777,0.0
80040.0,10.282611809303198,0.0
80100.0,9.348543949532376,0.0
80160.0,5.633862266560529,0.0
80220.0,5.5947752531454835,0.0
80280.0,4.465873533611673,1.0
80340.0,3.445128480833588,0.0
80400.0,7.526270077631734,0.0
80460.0,6.117771595713513,0.0
80520.0,10.044110363748151,0.0
80580.0,11.963199170615903,0.0
80640.0,15.39355482930992,0.0
80700.0,15.478535331323142,0.0
80760.0,17.85283552889878,0.0
80820.0,23.38091037444795,0.0
80880.0,24.717646226889844,0.0
80940.0,23.29568604755372,0.0
81000.0,24.50872030650024,3.3322065813438844
81060.0,23.582548573704226,8.514701519026435
81120.0,21.23199115313729,7.128430097172979
81180.0,20.649501357930035,16.029825722941567
81240.0,21.514006395105596,7.08342656830625
81300.0,14.149002130327535,0.0
81360.0,11.352180509031292,0.0
81420.0,11.641293827097815,0.0
81480.0,10.80798938847215,0.0
81540.0,5.206508877834433,0.0
81600.0,5.506897225640008,0.0
81660.0,3.5927126336323663,0.0
81720.0,3.6693452059806297,0.0
81780.0,4.957572087669039,1.0
81840.0,3.8699040421320383,0.0
81900.0,8.62306618365816,0.0
81960.0,11.95856907882654,0.0
82020.0,12.374256890415822,0.0
82080.0,16.106840910263042,0.0
82140.0,15.533625601275265,0.0
82200.0,17.135258903371845,0.0
82260.0,19.912337986783648,0.0
82320.0,22.452179777638978,0.0
82380.0,23.916689643695815,0.0
82440.0,18.245757858402598,0.0
82500.0,23.997510977699115,1.0
82560.0,23.426680629943142,0.0
82620.0,23.57016592086766,0.0
82680.0,19.3066467269819,0.0
82740.0,16.3575021355955,0.0
82800.0,12.775873923264665,0.0
82860.0,11.640120014380615,0.0
82920.0,6.642447493450478,0.0
82980.0,8.305232784751308,0.0
83040.0,3.8458639359756512,0.0
83100.0,4.178440371492903,0.0
83160.0,4.216201036623007,0.0
83220.0,4.678736103568717,0.0
83280.0,6.29335098066151,0.0
83340.0,5.058481747379012,0.0
83400.0,8.20822858943706,0.0
83460.0,14.803910896310274,0.0
83520.0,12.705146659533563,0.0
83580.0,21.211057952442314,0.0
83640.0,16.322399819882264,1.0
83700.0,24.508267442718573,2.0
83760.0,24.338035368178932,1.0
83820.0,22.64239026578747,0.0
83880.0,22.519301477567357,1.0
83940.0,23.62015742206145,0.0
84000.0,24.676865864733983,0.0
84060.0,22.152078767659706,0.0
84120.0,20.637726897600565,0.0
84180.0,16.926499097926463,0.0
84240.0,14.571305117045036,0.0
84300.0,11.403277969980847,0.0
84360.0,9.729322136115998,0.0
84420.0,5.202608602102013,0.0
84480.0,4.299112335456432,0.0
84540.0,4.0486128374991335,0.0
84600.0,3.3841671100959703,0.0
84660.0,6.732112931840533,0.0
84720.0,4.625958678277433,0.0
84780.0,6.427016436695325,0.0
84840.0,9.620662502777527,0.0
84900.0,11.743262789281369,1.0
84960.0,15.472224544236996,1.0
85020.0,16.106847731847253,0.0
85080.0,18.042915565117966,0.0
85140.0,21.52506155346753,3.0
85200.0,21.653431321875935,0.0
85260.0,27.199131506754025,0.0
85320.0,24.065688839386176,1.0
85380.0,25.859468941924437,0.0
85440.0,23.115703013155137,0.0
85500.0,24.018218343047238,0.0
85560.0,19.48767654099996,0.0
85620.0,18.64862305906147,0.0
85680.0,15.494413752622693,0.0
85740.0,10.501657311941685,0.0
85800.0,7.803120809497095,0.0
85860.0,5.46702281467023,0.0
85920.0,7.172724717979534,0.0
85980.0,4.30173590394119,0.0
86040.0,3.4458205026041844,1.0
86100.0,5.043492751867839,1.0
86160.0,4.664330610323607,0.0
86220.0,7.632709110203783,0.0
86280.0,10.504104398968561,0.0
86340.0,13.021369548211355,0.0
86400.0,13.194577823534594,1.0
86460.0,13.89561962675251,0.0
86520.0,17.2678092045198,0.0
86580.0,18.60920918743553,0.0
86640.0,24.379780763121037,0.0
86700.0,25.110860484936985,0.0
86760.0,26.763520198721164,0.0
86820.0,24.96423797471582,0.0
86880.0,21.539128106490026,1.0
86940.0,21.367942739396174,0.0
87000.0,19.002425533208264,0.0
87060.0,14.905420049266763,1.0
87120.0,14.986839539513431,0.0
87180.0,9.001690455131124,1.0
87240.0,12.672010888019127,0.0
87300.0,7.698574006215807,0.0
87360.0,6.713404988112198,1.0
87420.0,3.9511574469376027,0.0
87480.0,3.8187468053891145,0.0
87540.0,6.836669602840809,0.0
87600.0,5.393365396674869,0.0
87660.0,7.927098904740637,0.0
87720.0,12.167197787530561,0.0
87780.0,11.983122252644055,0.0
87840.0,17.07552665384508,0.0
87900.0,18.49726802009605,0.0
87960.0,18.99062398082342,0.0
88020.0,23.360421916592983,0.0
88080.0,23.88469490776081,1.0
88140.0,23.51007531960711,0.0
88200.0,26.226617189221887,0.0
88260.0,24.643794775058726,0.0
88320.0,24.778119473286814,0.0
88380.0,21.52337738412773,0.0
88440.0,18.663119236935252,0.0
88500.0,17.11980161953432,1.0
88560.0,12.802650033312737,0.0
88620.0,13.044205462621992,0.0
88680.0,8.073228510150727,0.0
88740.0,7.498292652319813,0.0
88800.0,4.343609797619299,1.0
88860.0,5.411936781823376,0.0
88920.0,5.0590198382547635,0.0
88980.0,4.987518625738629,0.0
89040.0,6.3231248051785425,1.0
89100.0,6.893352917950977,0.0
89160.0,9.870511053760353,1.0
89220.0,11.54718028687034,0.0
89280.0,13.362038942560094,0.0
89340.0,17.155912364394656,0.0
89400.0,21.66039308800196,1.0
89460.0,22.220837138074366,0.0
89520.0,24.290957515584758,0.0
89580.0,24.020152442336215,1.0
89640.0,24.99585482365605,0.0
89700.0,23.47019430674148,1.0
89760.0,25.15196856117297,1.0
89820.0,20.105308358697194,0.0
89880.0,19.320848645262352,0.0
89940.0,16.0795755824825,0.0
90000.0,18.66612179828828,10.957800255554577
90060.0,10.811726633228137,7.470324273582131
90120.0,10.557387621868727,8.436950097412208
90180.0,6.704471330917681,4.320677312826065
90240.0,4.795241168532334,5.861136078682446
90300.0,4.7557695481248485,0.0
90360.0,5.3481300923556585,0.0
90420.0,4.035714591322182,0.0
90480.0,4.048038220618294,1.0
90540.0,4.57231772376887,0.0
90600.0,12.360828279736147,0.0
90660.0,12.107291242951597,0.0
90720.0,13.630536021535177,0.0
90780.0,16.968756854026203,1.0
90840.0,19.540472036715897,0.0
90900.0,24.02975335268061,0.0
90960.0,23.786423139011262,0.0
91020.0,22.998452356464437,1.0
91080.0,24.869355175682596,0.0
91140.0,24.781793516288694,0.0
91200.0,23.836647330410585,0.0
91260.0,21.053506175550677,0.0
91320.0,18.268855446585825,0.0
91380.0,17.295714913147513,0.0
91440.0,14.452975348100866,1.0
91500.0,7.120527089828219,0.0
91560.0,6.409900660706687,1.0
91620.0,7.644488090345311,0.0
91680.0,5.0046616710714,1.0
91740.0,6.012206930541689,0.0
91800.0,2.928597113854412,0.0
91860.0,2.886605214273869,0.0
91920.0,6.572012111367377,0.0
91980.0,9.12946920893727,0.0
92040.0,8.337849996232627,0.0
92100.0,10.290142287789108,0.0
92160.0,12.11221875391064,0.0
92220.0,16.9782000188677,0.0
92280.0,18.934549844663344,0.0
92340.0,22.57723039076494,1.0
92400.0,23.47423212206052,0.0
92460.0,23.48258393948874,0.0
92520.0,24.789911262163898,0.0
92580.0,25.60562492005326,0.0
92640.0,22.913471368198646,0.0
92700.0,24.422583930751724,0.0
92760.0,19.860756775790442,0.0
92820.0,16.609538412078575,0.0
92880.0,16.206483739847492,1.0
92940.0,11.615883968094847,1.0
93000.0,9.50815127628726,0.0
93060.0,6.1436360664977965,0.0
93120.0,6.727255446814359,0.0
93180.0,7.759646384986285,0.0
93240.0,3.1871367793291254,0.0
93300.0,6.400344887241414,0.0
93360.0,5.3308072201754575,0.0
93420.0,7.360810525747056,0.0
93480.0,11.726086667741557,0.0
93540.0,8.44287660517142,0.0
93600.0,17.952580302247778,0.0
93660.0,17.09069595376003,1.0
93720.0,17.953889378866318,0.0
93780.0,22.040586690296035,0.0
93840.0,22.77812562904731,0.0
93900.0,24.44714237875743,0.0
93960.0,23.70853760061546,0.0
94020.0,23.273762976666703,0.0
94080.0,21.606974092379385,0.0
94140.0,20.382364517802394,0.0
94200.0,20.172182516964476,0.0
94260.0,17.995355847989916,0.0
94320.0,13.678308788351488,0.0
94380.0,9.622326480587486,0.0
94440.0,9.17401080593613,0.0
94500.0,6.272988978885006,1.0
94560.0,5.163232991781274,0.0
94620.0,5.489120693940385,0.0
94680.0,5.995742818287653,0.0
94740.0,5.749077978364459,0.0
94800.0,4.019188679583412,0.0
94860.0,7.626742267692466,0.0
94920.0,7.675553082928738,0.0
94980.0,11.412507684160923,0.0
95040.0,14.67828658545006,0.0
95100.0,17.89234695578418,1.0
95160.0,17.527715584115178,0.0
95220.0,21.533570143655187,0.0
95280.0,23.68430827933215,0.0
95340.0,24.45011565056743,0.0
95400.0,25.149672087795633,0.0
95460.0,25.252473347137542,0.0
95520.0,24.253243467256258,0.0
95580.0,22.095417802534726,0.0
95640.0,20.486049640886105,0.0
95700.0,17.337643136181434,1.0
95760.0,15.845544904958123,0.0
95820.0,12.92316789156481,0.0
95880.0,7.665056480683369,0.0
95940.0,6.594655191737711,0.0
96000.0,6.29521818365364,0.0
96060.0,5.667294300033769,0.0
96120.0,3.7679022335758656,0.0
96180.0,2.2794305855648265,0.0
96240.0,4.455126364246955,1.0
96300.0,8.4992129892392,0.0
96360.0,9.83566218571349,0.0
96420.0,10.22248463622923,1.0
96480.0,15.747144575665063,0.0
96540.0,18.20535200718607,1.0
96600.0,21.402518960684144,1.0
96660.0,21.155759712600737,1.0
96720.0,21.729720529955188,0.0
96780.0,23.419078416032843,1.0
96840.0,26.4751558484475,0.0
96900.0,24.734237061472736,0.0
96960.0,23.564596667498297,2.0
97020.0,21.198438077281654,1.0
97080.0,20.472324160380467,0.0
97140.0,19.027134375483957,0.0
97200.0,13.015504630608465,0.0
97260.0,12.968405358581492,0.0
97320.0,10.332395231536761,0.0
97380.0,6.242086689411675,1.0
97440.0,6.214825827991975,0.0
97500.0,3.8725313991671655,1.0
97560.0,1.7592968048431392,0.0
97620.0,3.271049599616547,0.0
97680.0,4.772480424019911,1.0
97740.0,8.283485505663847,0.0
97800.0,12.894304935355045,0.0
97860.0,11.183187929428314,0.0
97920.0,16.51999233755263,0.0
97980.0,15.694007750444154,0.0
98040.0,18.890012520880834,0.0
98100.0,22.906187301146435,0.0
98160.0,21.237946852331,0.0
98220.0,21.559737807552516,0.0
98280.0,23.90637183261919,2.0
98340.0,24.834167230887726,0.0
98400.0,23.237397064789292,0.0
98460.0,21.805713137741765,0.0
98520.0,19.39690677963743,0.0
98580.0,17.616315194361565,1.0
98640.0,16.778235330345886,3.0
98700.0,9.665069647415145,0.0
98760.0,5.994342682973913,0.0
98820.0,8.092753156462505,0.0
98880.0,6.571118970429497,0.0
98940.0,5.562506650210586,1.0
99000.0,1.4094470253384959,14.334941235877489
99060.0,5.095764518706723,8.15989161641437
99120.0,4.804306637399785,4.005806688317191
99180.0,6.83468559741786,2.448937099804723
99240.0,9.96016008915495,5.298599426497839
99300.0,10.095945491260288,0.0
99360.0,13.14258421791925,0.0
99420.0,15.968580794343374,0.0
99480.0,19.73157367016754,0.0
99540.0,21.704487310896592,0.0
99600.0,24.06302751199558,0.0
99660.0,24.007411932279656,0.0
99720.0,24.982386056892707,2.0
99780.0,26.986413256476123,0.0
99840.0,23.504853022093677,0.0
99900.0,23.43191021394599,0.0
99960.0,20.26748159068057,0.0
100020.0,16.573056645484197,0.0
100080.0,16.435523622747944,0.0
100140.0,10.335532120900824,0.0
100200.0,10.92348382937116,1.0
100260.0,9.942164965860922,0.0
100320.0,6.606550151473817,0.0
100380.0,4.960845645521529,0.0
100440.0,3.2072110427684164,0.0
100500.0,7.13182206837877,0.0
100560.0,4.980668556410086,0.0
100620.0,6.662644303400313,1.0
100680.0,12.995038408288794,0.0
100740.0,14.390776332614287,0.0
100800.0,16.91981896777434,1.0
100860.0,16.19896980107116,0.0
100920.0,20.147554299745224,0.0
100980.0,20.33360305276101,0.0
101040.0,23.16647411139585,0.0
101100.0,25.856873833290027,0.0
101160.0,26.149232669956497,0.0
101220.0,23.426329238608925,0.0
101280.0,24.364810689174778,1.0
101340.0,21.083045032100394,0.0
101400.0,21.15544291457735,0.0
101460.0,17.57023236673623,0.0
101520.0,12.432533912090786,0.0
101580.0,12.835872290916788,1.0
101640.0,7.344188878411667,0.0
101700.0,7.602345355399927,0.0
101760.0,7.244142981451993,1.0
101820.0,2.4327941102511095,0.0
101880.0,6.554212689894381,1.0
101940.0,4.58691517257891,0.0
102000.0,8.682854297467252,1.0
102060.0,7.615506900089697,0.0
102120.0,7.011446681637487,3.0
102180.0,13.294028193710894,0.0
102240.0,13.63965157033106,1.0
102300.0,18.582343321836433,1.0
102360.0,18.495404931271768,0.0
102420.0,22.35220150499119,0.0
102480.0,20.023776170167945,0.0
102540.0,22.324181322009046,0.0
102600.0,25.65928223753691,1.0
102660.0,25.537546504702483,0.0
102720.0,24.762414590262736,0.0
102780.0,21.39537531027136,0.0
102840.0,17.625176364499143,0.0
102900.0,16.318512093540047,1.0
102960.0,14.883113637792952,0.0
103020.0,14.317793397360333,0.0
103080.0,10.150016058264963,0.0
103140.0,8.816963764014014,0.0
103200.0,6.57233905659474,1.0
103260.0,5.84792524330066,0.0
103320.0,3.7605088730993845,0.0
103380.0,3.933661526205725,0.0
103440.0,4.0022295254196845,0.0
103500.0,7.627883021009963,0.0
103560.0,11.87633946853147,1.0
103620.0,12.550252690711636,0.0
103680.0,12.757678439199944,1.0
103740.0,17.803300314667457,0.0
103800.0,19.666444153076945,0.0
103860.0,21.95762939527861,0.0
103920.0,27.067745705738194,0.0
103980.0,24.238432728668926,1.0
104040.0,24.23710022889784,0.0
104100.0,25.70007099164665,0.0
104160.0,26.594222001819556,0.0
104220.0,19.964583723683614,0.0
104280.0,19.587412628710663,0.0
104340.0,17.191138286747872,0.0
104400.0,16.16637249762564,0.0
104460.0,13.507688449436165,0.0
104520.0,8.048264583610962,0.0
104580.0,7.600707640761604,1.0
104640.0,5.004788494700096,0.0
104700.0,5.0226347060074845,0.0
104760.0,4.81636851650704,0.0
104820.0,4.498623401388415,0.0
104880.0,8.187790353896057,0.0
104940.0,4.853295996144578,0.0
105000.0,7.859075492793068,1.0
105060.0,12.921272366864343,0.0
105120.0,16.05346784684428,1.0
105180.0,15.747758567259858,0.0
105240.0,16.57713368826124,0.0
105300.0,20.879489996056204,0.0
105360.0,25.855632280852568,0.0
105420.0,23.932678344276678,0.0
105480.0,23.49723613064826,0.0
105540.0,24.043471213851127,0.0
105600.0,21.505633478193143,1.0
105660.0,23.25183467291464,0.0
105720.0,20.323925868408743,0.0
105780.0,16.740936158674007,1.0
105840.0,14.355711780816637,0.0
105900.0,10.103425909221803,0.0
105960.0,11.964496437610602,0.0
106020.0,8.288725484341777,0.0
106080.0,6.566794315836011,0.0
106140.0,5.237941477315878,0.0
106200.0,6.113441117685284,0.0
106260.0,4.952067232487175,0.0
106320.0,4.491016461543056,0.0
106380.0,7.687159268760955,0.0
106440.0,10.827102662687462,0.0
106500.0,9.96741133347686,0.0
106560.0,12.600200560318255,0.0
106620.0,16.807803904650637,0.0
106680.0,20.671104799019325,0.0
106740.0,19.661529984434026,0.0
106800.0,21.774011666630226,0.0
106860.0,24.20019426745477,0.0
106920.0,23.22574666098225,0.0
106980.0,25.029184756862552,0.0
107040.0,24.224232693962655,0.0
107100.0,22.868363845763582,1.0
107160.0,20.63438467236553,0.0
107220.0,19.082152629232038,0.0
107280.0,12.485647466338017,0.0
107340.0,13.185607303805535,0.0
107400.0,9.301896631286185,0.0
107460.0,7.563292143648463,1.0
107520.0,3.9825097098012447,0.0
107580.0,3.436783411551592,0.0
107640.0,3.6722209115154714,0.0
107700.0,5.989348852947101,2.0
107760.0,6.016710416059753,0.0
107820.0,6.203458912593716,0.0
107880.0,8.388887509108207,0.0
107940.0,11.737955417426408,0.0
108000.0,13.534650930689269,5.7859478115912415
108060.0,15.811056605487495,14.952817702623818
108120.0,17.861648788222862,6.737882022866757
108180.0,20.790039798563953,13.782424730685761
108240.0,24.49581152501633,4.712293871981798
108300.0,25.581999780756426,0.0
108360.0,23.63388257973591,1.0
108420.0,22.940651312711186,0.0
108480.0,23.061741291182905,1.0
108540.0,18.81072718443081,0.0
108600.0,22.152477791185504,1.0
108660.0,17.7798001045813,0.0
108720.0,11.277792318335514,0.0
108780.0,9.300908567985042,0.0
108840.0,11.527620724593175,0.0
108900.0,9.239525237570767,1.0
108960.0,5.866208118214411,0.0
109020.0,6.383391926773223,0.0
109080.0,7.007953912815514,1.0
109140.0,7.7117062750805605,0.0
109200.0,5.694108561426326,0.0
109260.0,7.700383987353257,0.0
109320.0,11.574408298039348,0.0
109380.0,14.050906710076031,0.0
109440.0,16.060566678359862,0.0
109500.0,18.27793375700413,1.0
109560.0,19.07877187872301,0.0
109620.0,20.58189711398377,0.0
109680.0,23.601246849234084,1.0
109740.0,24.78379632740677,1.0
109800.0,25.519824448525615,1.0
109860.0,24.931589138062424,0.0
109920.0,21.859724309462614,0.0
109980.0,23.340773019615984,1.0
110040.0,20.643995036952425,0.0
110100.0,15.144586705178911,0.0
110160.0,15.769548716645076,0.0
110220.0,13.567128732774,0.0
110280.0,8.240744649378493,1.0
110340.0,8.033463453176452,0.0
110400.0,7.210447769764642,0.0
110460.0,3.409561310538838,1.0
110520.0,5.843207631488993,0.0
110580.0,4.022289976208463,0.0
110640.0,5.716121639817986,0.0
110700.0,5.504199047714359,0.0
110760.0,10.33981530288282,0.0
110820.0,11.714477346611588,0.0
110880.0,13.582687493254069,0.0
110940.0,19.526631683084283,0.0
111000.0,18.05889514816692,0.0
111060.0,20.24252155667638,0.0
111120.0,23.627800693776585,0.0
111180.0,27.617469702185833,1.0
111240.0,23.484008710177775,1.0
111300.0,22.271481635504554,0.0
111360.0,23.06548649879838,0.0
111420.0,20.66817349961557,0.0
111480.0,21.138050485204364,0.0
111540.0,17.483728478526228,0.0
111600.0,15.940719212860394,0.0
111660.0,13.14687179599101,0.0
111720.0,8.950656341311037,0.0
111780.0,7.710381376066934,1.0
111840.0,7.543882798713923,0.0
111900.0,4.789590862853236,1.0
111960.0,5.912833915169596,0.0
112020.0,7.921265401167538,1.0
112080.0,6.589869993706602,0.0
112140.0,6.611508672652829,0.0
112200.0,8.750981326950141,0.0
112260.0,12.539315289132176,0.0
112320.0,15.924670851523022,0.0
112380.0,16.890326534642092,0.0
112440.0,20.125171420638168,0.0
112500.0,21.975502578373323,0.0
112560.0,23.11962373814074,1.0
112620.0,26.29852114256055,1.0
112680.0,22.8130533308771,0.0
112740.0,26.606689354250097,0.0
112800.0,22.694949922525947,0.0
112860.0,20.70545574105055,0.0
112920.0,19.37544989010447,0.0
112980.0,19.901042556236003,0.0
113040.0,16.792584965445432,0.0
113100.0,13.023945569490603,0.0
113160.0,11.476906752645695,0.0
113220.0,8.829785269376899,0.0
113280.0,4.742653472233369,0.0
113340.0,5.70505103323357,0.0
113400.0,3.977469136174667,0.0
113460.0,4.06671723225882,0.0
113520.0,6.2585555822603105,0.0
113580.0,6.438821283887677,0.0
113640.0,11.286882185787453,0.0
113700.0,12.351956615075894,0.0
113760.0,17.85451174578047,0.0
113820.0,17.860273322471528,0.0
113880.0,19.466719379722953,1.0
113940.0,19.183035258801343,0.0
114000.0,22.847670712007652,0.0
114060.0,22.782930538784647,1.0
114120.0,26.177007016930922,0.0
114180.0,24.440513046215905,1.0
114240.0,21.877161388550576,0.0
114300.0,22.798732615757263,0.0
114360.0,19.038007436652205,0.0
114420.0,18.40025353307299,0.0
114480.0,15.157557949239118,0.0
114540.0,12.381711734566098,1.0
114600.0,7.470477684676807,0.0
114660.0,7.868462178419635,3.0
114720.0,4.699995838263407,1.0
114780.0,8.749054144233106,1.0
114840.0,5.212250440498594,0.0
114900.0,4.013868856030927,0.0
114960.0,4.287795695954982,0.0
115020.0,8.99391686419867,0.0
115080.0,12.362847125916696,1.0
115140.0,13.464276869738406,0.0
115200.0,14.522305460076215,0.0
115260.0,16.84124317754882,0.0
115320.0,20.610019120322512,0.0
115380.0,22.589871431643115,0.0
115440.0,24.08466967814822,0.0
115500.0,24.8680675419396,0.0
115560.0,25.482671850571258,1.0
115620.0,25.11865188912771,0.0
115680.0,23.620256826919054,1.0
115740.0,20.43910071001193,0.0
115800.0,20.688576695518027,0.0
115860.0,17.01055882014186,0.0
115920.0,16.134502821566556,0.0
115980.0,13.381135680644704,1.0
116040.0,10.496148829183538,0.0
116100.0,3.8311112892797077,1.0
116160.0,4.985559375823508,0.0
116220.0,4.7298794476870345,2.0
116280.0,6.315328572818822,1.0
116340.0,3.8976467930062357,0.0
116400.0,4.545118707934163,1.0
116460.0,7.383623436636009,0.0
116520.0,10.046683634967215,0.0
116580.0,12.096341323908913,0.0
116640.0,14.91674758922589,0.0
116700.0,14.909936244815372,0.0
116760.0,21.868490731462003,0.0
116820.0,18.60972908148667,1.0
116880.0,21.710742221318238,2.0
116940.0,24.567419908507393,0.0
117000.0,25.86912903025958,14.082092902798903
117060.0,25.5804894996256,13.228269024345998
117120.0,25.193205541514615,6.484948028650066
117180.0,23.830004087810366,6.210792886765785
117240.0,26.121922761009483,13.59885647110847
117300.0,16.41955085268185,0.0
117360.0,16.55641742346921,0.0
117420.0,11.60012369184493,0.0
117480.0,11.092579149900262,0.0
117540.0,9.488850263370669,2.0
117600.0,9.144795421964227,0.0
117660.0,5.696310272530997,1.0
117720.0,5.819596991228279,0.0
117780.0,4.950548462555054,1.0
117840.0,6.0151578432316555,0.0
117900.0,9.13852584335513,0.0
117960.0,9.03936444658197,0.0
118020.0,12.0934975817798,0.0
118080.0,17.454394113390542,1.0
118140.0,18.425453056711977,0.0
118200.0,21.475864252972812,2.0
118260.0,21.813877996133062,0.0
118320.0,23.535745054467704,1.0
118380.0,26.901573888165373,0.0
118440.0,25.595228658500552,0.0
118500.0,24.283194759140123,0.0
118560.0,22.21707601105912,0.0
118620.0,22.083587651623077,0.0
118680.0,22.487671975786764,0.0
118740.0,18.287440360239277,0.0
118800.0,14.343211462872567,0.0
118860.0,10.44628041362928,0.0
118920.0,11.136369220302887,0.0
118980.0,9.419869007258619,0.0
119040.0,6.561020569203769,1.0
119100.0,6.165932876568751,0.0
119160.0,3.5237998904218717,0.0
119220.0,6.795008049142961,0.0
119280.0,8.079621786827024,1.0
119340.0,7.56258659399365,0.0
119400.0,9.29797871983099,0.0
119460.0,13.947686537030854,0.0
119520.0,15.193911521494522,1.0
119580.0,15.726886872730272,0.0
119640.0,20.48328066046227,1.0
119700.0,21.943747716252222,0.0
119760.0,23.913499916242678,0.0
119820.0,25.264791119712353,0.0
119880.0,25.62903820111653,0.0
119940.0,25.919617423037774,0.0
120000.0,25.32905303686238,0.0
120060.0,21.660268472640055,1.0
120120.0,18.00228318209444,0.0
120180.0,16.402778843776375,0.0
120240.0,14.320249432924014,0.0
120300.0,11.352208307323965,0.0
120360.0,8.779113626388199,0.0
120420.0,6.234902972292748,0.0
120480.0,4.780913616065929,0.0
120540.0,5.182090564344313,1.0
120600.0,1.6501721048520337,0.0
120660.0,3.993926873037973,0.0
120720.0,7.22320055917778,1.0
120780.0,10.100082410411218,0.0
120840.0,8.735375493564128,0.0
120900.0,12.536775217735778,0.0
120960.0,14.432726956739266,2.0
121020.0,18.578385330563147,0.0
121080.0,20.27602025300082,1.0
121140.0,21.975335464047877,0.0
121200.0,22.01336510598732,0.0
121260.0,26.28355025977323,0.0
121320.0,27.684433340799078,0.0
121380.0,23.938967031841226,0.0
121440.0,22.147604108113605,0.0
121500.0,21.99693039429072,0.0
121560.0,21.411497778993517,0.0
121620.0,17.464846410783053,0.0
121680.0,15.31604437469861,1.0
121740.0,13.315621679261962,0.0
121800.0,12.233143579272449,0.0
121860.0,8.109420766742948,0.0
121920.0,7.69844035138504,0.0
121980.0,4.435556279780167,1.0
122040.0,6.8259907721591855,0.0
122100.0,5.515644801389436,0.0
122160.0,4.761435407493713,0.0
122220.0,7.23260308784796,0.0
122280.0,9.492047953505558,0.0
122340.0,11.156973446459574,1.0
122400.0,14.459170740595246,0.0
122460.0,18.8536292602752,0.0
122520.0,17.638240812686508,0.0
122580.0,20.29014352965018,0.0
122640.0,23.939813630521435,1.0
122700.0,24.32814388159893,0.0
122760.0,24.48675323922398,0.0
122820.0,27.924860548249264,0.0
122880.0,25.60339348089132,0.0
122940.0,23.419298547007134,0.0
123000.0,19.65823528722906,1.0
123060.0,19.92092199787218,1.0
123120.0,15.826040845016971,0.0
123180.0,12.79936606910149,0.0
123240.0,11.23740238920386,1.0
123300.0,9.174858192890664,1.0
123360.0,5.569610651304601,1.0
123420.0,6.253020703831477,0.0
123480.0,4.780198946144119,0.0
123540.0,4.090994200580865,0.0
123600.0,6.388538162515544,0.0
123660.0,10.674351372783219,0.0
123720.0,10.000579217397568,0.0
123780.0,14.036713932352056,0.0
123840.0,12.3988760674245,0.0
123900.0,17.96072476530833,0.0
123960.0,21.214285253829043,0.0
124020.0,22.15082159972479,0.0
124080.0,24.471441036910623,0.0
124140.0,23.839051980641536,0.0
124200.0,23.874086334876445,0.0
124260.0,23.654146556914178,1.0
124320.0,26.73186859133678,0.0
124380.0,23.225378867076035,0.0
124440.0,17.70671316809552,0.0
124500.0,19.072535271049148,0.0
124560.0,12.294582539060436,0.0
124620.0,12.62221481940029,1.0
124680.0,10.65836516886264,0.0
124740.0,7.8701582504366625,0.0
124800.0,5.650520008470476,0.0
124860.0,3.8956679764791318,0.0
124920.0,7.81237547324565,0.0
124980.0,4.140191503029348,0.0
125040.0,8.232562976058649,0.0
125100.0,8.192642556667993,2.0
125160.0,10.064311586475792,0.0
125220.0,14.150018002572953,1.0
125280.0,13.09488205784883,0.0
125340.0,19.466996302367814,1.0
125400.0,18.436211978663327,0.0
125460.0,20.077199195768475,0.0
125520.0,23.793385759791295,0.0
125580.0,23.1143371924758,0.0
125640.0,24.831829238473784,0.0
125700.0,27.428518147323224,1.0
125760.0,23.98757145339543,0.0
125820.0,21.607529054446143,1.0
125880.0,20.91635657817097,1.0
125940.0,16.967091825499306,0.0
126000.0,15.723285316734016,12.624376727643861
126060.0,10.739249579373725,7.97979455676699
126120.0,10.551198734717923,8.851669078838512
126180.0,9.192926374980884,10.384185501336775
126240.0,7.053061106753695,15.939548343154048
126300.0,3.302864752762382,0.0
126360.0,3.231523962412641,1.0
126420.0,3.021590621647439,0.0
126480.0,7.229775339372467,0.0
126540.0,6.37420730349011,2.0
126600.0,9.778550703560292,0.0
126660.0,12.987200165922813,0.0
126720.0,11.94445410466428,0.0
126780.0,16.09954048303767,0.0
126840.0,19.581585429869698,0.0
126900.0,22.810107253555376,0.0
126960.0,22.911169818325117,0.0
127020.0,22.078425279246247,0.0
127080.0,27.18708462668989,1.0
127140.0,24.869202781305372,0.0
127200.0,25.08395962139566,0.0
127260.0,19.106949661540554,0.0
127320.0,17.367389468930696,1.0
127380.0,19.391229175186567,1.0
127440.0,14.268257613904115,0.0
127500.0,10.511983269265544,0.0
127560.0,9.97794305545165,0.0
127620.0,6.869875064833728,0.0
127680.0,7.715693883441464,0.0
127740.0,5.695428652694477,0.0
127800.0,7.508506083583859,0.0
127860.0,5.9264969126916345,0.0
127920.0,5.816390045550033,0.0
127980.0,10.662992450729462,0.0
128040.0,10.472545998829583,0.0
128100.0,12.923780623956425,0.0
128160.0,15.001996377668448,0.0
128220.0,19.35559795402271,1.0
128280.0,22.842467781993356,0.0
128340.0,21.831595900094857,2.0
128400.0,24.130926572268507,0.0
128460.0,24.285805487351073,0.0
128520.0,26.148497447189595,0.0
128580.0,22.99216619363871,0.0
128640.0,22.246529043107742,0.0
128700.0,20.466026916148394,0.0
128760.0,20.583928775614662,0.0
128820.0,14.874886256987494,1.0
128880.0,14.405220562524377,0.0
128940.0,13.594657455369758,1.0
129000.0,11.428598964390552,0.0
129060.0,9.856355805391502,0.0
129120.0,6.55439499937277,0.0
129180.0,3.9689043065784873,0.0
129240.0,6.3360246371146225,0.0
129300.0,6.11186071660798,0.0
129360.0,6.766312044608648,0.0
129420.0,8.59733529380515,1.0
129480.0,10.426238786592355,0.0
129540.0,10.722315198316416,1.0
129600.0,19.995151162331773,0.0
129660.0,16.409476865135943,0.0
129720.0,20.099648420382096,1.0
129780.0,22.484095276572766,0.0
129840.0,25.142208497094966,0.0
129900.0,25.834928848163937,1.0
129960.0,26.386759987033116,0.0
130020.0,23.56007360862024,2.0
130080.0,21.71968535239497,0.0
130140.0,20.798868162069084,0.0
130200.0,20.893911775547917,0.0
130260.0,16.27492565244267,0.0
130320.0,13.434728951970243,0.0
130380.0,11.614614280661213,0.0
130440.0,9.289740632484364,0.0
130500.0,5.87436763563413,0.0
130560.0,9.958427329136473,0.0
130620.0,5.02726386838076,0.0
130680.0,8.02003484748083,0.0
130740.0,3.1328717798783954,0.0
130800.0,4.83492417700263,1.0
130860.0,9.094525044763294,1.0
130920.0,10.399486065696474,0.0
130980.0,11.496143159619818,0.0
131040.0,16.832758954696207,0.0
131100.0,17.563480409487784,0.0
131160.0,20.22148333078761,0.0
131220.0,22.933350347117553,0.0
131280.0,23.325825509336507,0.0
131340.0,24.47550819614155,1.0
131400.0,26.4246605533096,0.0
131460.0,25.26744555463055,1.0
131520.0,22.864719234157125,0.0
131580.0,22.928053646508314,1.0
131640.0,21.452391702943594,0.0
131700.0,17.651216938270615,1.0
131760.0,14.69518266206319,0.0
131820.0,13.605085273085272,0.0
131880.0,10.865910501228463,0.0
131940.0,8.435005259830838,0.0
132000.0,7.96353991205251,0.0
132060.0,4.801496771918771,0.0
132120.0,6.157761064902045,0.0
132180.0,5.410376452666487,1.0
132240.0,8.057564741294001,0.0
132300.0,7.127071775721264,0.0
132360.0,10.855364192403632,0.0
132420.0,13.138468465294677,0.0
132480.0,12.38360429792638,0.0
132540.0,15.382777884554017,0.0
132600.0,21.207545678024253,0.0
132660.0,20.628899511053,0.0
132720.0,24.110642005783884,0.0
132780.0,26.874404181451762,2.0
132840.0,21.646484732674516,0.0
132900.0,26.916934655817943,0.0
132960.0,22.29243535505283,0.0
133020.0,23.22718219914973,0.0
133080.0,19.594458334807328,0.0
133140.0,16.41017187688266,0.0
133200.0,16.640466710924247,2.0
133260.0,10.354257685576076,1.0
133320.0,11.564935934563136,0.0
133380.0,11.696769275064009,1.0
133440.0,6.457096841440069,0.0
133500.0,6.735405061785048,0.0
133560.0,4.66868750056195,0.0
133620.0,4.651681177869913,0.0
133680.0,6.865581377486796,0.0
133740.0,5.380934987733891,0.0
133800.0,10.291012307568893,0.0
133860.0,13.642690824280745,0.0
133920.0,13.819569147226549,0.0
133980.0,17.86196574909244,0.0
134040.0,20.638975603513977,0.0
134100.0,20.809086511347196,0.0
134160.0,26.313968909390077,0.0
134220.0,23.07299887464188,1.0
134280.0,24.084383397614328,0.0
134340.0,24.747246307235343,0.0
134400.0,22.689215720051994,0.0
134460.0,20.040950718928922,0.0
134520.0,21.328512556542194,0.0
134580.0,16.63410319113591,1.0
134640.0,14.053013651800171,1.0
134700.0,10.621837409271887,0.0
134760.0,10.857047181404301,1.0
134820.0,8.907183076321497,1.0
134880.0,4.036311303445647,0.0
134940.0,4.809656830933439,0.0
135000.0,6.766525919780573,2.1434551997281375
135060.0,4.862520660638862,4.454866107103104
135120.0,5.763706235048224,3.8061270572303356
135180.0,8.345057768938679,11.053598282366211
135240.0,9.828005813766156,2.6495602688680253
135300.0,12.206335034726173,0.0
135360.0,16.267456670485934,0.0
135420.0,17.11993085231201,0.0
135480.0,21.37145177054984,0.0
135540.0,20.60819748712815,0.0
135600.0,23.87572742142644,0.0
135660.0,23.228936972279538,0.0
135720.0,26.35988213053197,0.0
135780.0,23.40039759964062,0.0
135840.0,22.56094848330527,0.0
135900.0,23.152780507945206,0.0
135960.0,18.561648160460706,0.0
136020.0,18.447019452193594,0.0
136080.0,15.573435681774589,0.0
136140.0,11.987271893660463,1.0
136200.0,11.253088671466402,0.0
136260.0,9.081371969053647,0.0
136320.0,7.600868341222398,0.0
136380.0,8.599209555425254,0.0
136440.0,5.872513805318742,1.0
136500.0,8.585943721291873,0.0
136560.0,5.514036148164347,0.0
136620.0,7.9478318317245025,0.0
136680.0,12.102306388927719,0.0
136740.0,12.235283768567045,0.0
136800.0,14.45363308845637,0.0
136860.0,17.411681308226576,0.0
136920.0,21.964141680212858,0.0
136980.0,20.92423136907606,1.0
137040.0,24.721688777768776,0.0
137100.0,24.352985845477207,1.0
137160.0,24.550243884031683,0.0
137220.0,24.7399746372233,0.0
137280.0,24.333963919140533,0.0
137340.0,23.443326372265634,0.0
137400.0,18.93505075677988,0.0
137460.0,18.587452962428827,0.0
137520.0,15.123328110682994,0.0
137580.0,12.489977903043036,1.0
137640.0,10.020480799798886,0.0
137700.0,7.803938081218399,0.0
137760.0,6.208135663764224,0.0
137820.0,4.884654476630995,0.0
137880.0,4.707781297930244,0.0
137940.0,7.024885191661114,0.0
138000.0,6.5882513976162995,0.0
138060.0,6.89550400173367,0.0
138120.0,8.85437016965668,0.0
138180.0,12.062574951541992,1.0
138240.0,16.045027747246,0.0
138300.0,17.55953087673345,0.0
138360.0,19.484919997335165,0.0
138420.0,23.038187512418915,0.0
138480.0,22.606525848696776,0.0
138540.0,22.760191942515082,1.0
138600.0,25.087923449955458,0.0
138660.0,23.572236553325926,1.0
138720.0,22.04845709720755,1.0
138780.0,21.912013600315788,0.0
138840.0,19.829113430307174,0.0
138900.0,15.66323797700449,0.0
138960.0,14.602293349995081,1.0
139020.0,12.246729849184689,1.0
139080.0,12.17764151661867,0.0
139140.0,9.358593277025426,0.0
139200.0,6.965753561890375,0.0
139260.0,5.892595846970451,0.0
139320.0,4.82649863474153,0.0
139380.0,4.932608544000023,0.0
139440.0,4.3502112561508905,1.0
139500.0,6.477011703489183,0.0
139560.0,9.714522525221644,0.0
139620.0,13.221796970838813,0.0
139680.0,16.92302728265019,1.0
139740.0,14.80885694450851,0.0
139800.0,18.06740775561115,0.0
139860.0,22.351823007199187,0.0
139920.0,22.346310632067357,1.0
139980.0,25.20433399066706,0.0
140040.0,24.619155121939613,0.0
140100.0,26.07545745135059,1.0
140160.0,22.764706462857486,0.0
140220.0,22.720755616753568,0.0
140280.0,22.771211279110734,0.0
140340.0,18.155265286415954,0.0
140400.0,16.11654151849887,2.0
140460.0,12.598816828981787,0.0
140520.0,8.454583294051107,0.0
140580.0,10.611806409993386,0.0
140640.0,5.521711172382008,1.0
140700.0,2.562821615857797,0.0
140760.0,2.5610480241722966,0.0
140820.0,5.993022026712705,0.0
140880.0,7.942082264511585,0.0
140940.0,6.204190971358965,0.0
141000.0,13.305261432923496,0.0
141060.0,10.566800966493501,0.0
141120.0,12.725490088095901,2.0
141180.0,17.549704856197035,1.0
141240.0,19.867295741015106,0.0
141300.0,23.3696780336132,1.0
141360.0,23.808055830305584,0.0
141420.0,24.67786429960071,1.0
141480.0,26.65090113926891,0.0
141540.0,25.241616060588914,0.0
141600.0,24.51816664592912,0.0
141660.0,20.397763555108103,0.0
141720.0,17.148389079583374,1.0
141780.0,16.864546951997166,0.0
141840.0,15.224120085660179,0.0
141900.0,13.951992034309846,0.0
141960.0,6.391056242325335,0.0
142020.0,7.4260960169346975,1.0
142080.0,8.980915641843964,0.0
142140.0,4.458117246122217,0.0
142200.0,6.237515539872304,0.0
142260.0,3.151032663705844,0.0
142320.0,5.787915387541047,0.0
142380.0,8.892373818139001,0.0
142440.0,10.906731365576752,0.0
142500.0,12.345344613998181,0.0
142560.0,17.1165278726354,0.0
142620.0,18.572619422422655,0.0
142680.0,17.149299600551352,0.0
142740.0,23.544417671339268,0.0
142800.0,23.264018165075697,0.0
142860.0,25.14701415647428,0.0
142920.0,25.381243883250274,0.0
142980.0,25.65905395443135,1.0
143040.0,24.308926692702446,0.0
143100.0,23.78147467179295,0.0
143160.0,17.334182299785382,0.0
143220.0,18.013842008967345,0.0
143280.0,15.133462778285221,0.0
143340.0,13.076197830453234,1.0
143400.0,9.23992398041899,0.0
143460.0,6.016708432178698,0.0
143520.0,7.086754499349617,0.0
143580.0,7.6145607403214965,0.0
143640.0,2.656192594620542,0.0
143700.0,7.954120014485532,1.0
143760.0,5.386301844096095,1.0
143820.0,6.3323928358495145,0.0
143880.0,8.623492731671611,0.0
143940.0,13.728999812299483,0.0
144000.0,11.563910658200491,13.010405932441834
144060.0,13.186265789421821,5.2007625612920805
144120.0,19.571805983457633,5.361180101058755
144180.0,21.55611249358037,8.4029031902652
144240.0,21.981766852911083,8.257551842141236
144300.0,25.618714028665597,0.0
144360.0,24.6072390208976,0.0
144420.0,24.480124604666123,0.0
144480.0,24.78099045535358,0.0
144540.0,20.727147846581925,0.0
144600.0,17.73758216553752,0.0
144660.0,16.648004723003694,1.0
144720.0,13.393041667473012,0.0
144780.0,13.970737943937273,0.0
144840.0,10.297283555772518,0.0
144900.0,7.351269821682691,0.0
144960.0,9.133973018842187,0.0
145020.0,3.5815646285143004,0.0
145080.0,6.016621132663216,0.0
145140.0,6.693641042736432,0.0
145200.0,4.867414771405453,0.0
145260.0,8.491229470792831,1.0
145320.0,9.940513926959268,0.0
145380.0,11.357333291160659,1.0
145440.0,14.973107913838005,0.0
145500.0,17.08470200224093,1.0
145560.0,19.249239039115654,0.0
145620.0,21.001050379955633,0.0
145680.0,22.187602917742517,0.0
145740.0,26.796657745821218,0.0
145800.0,21.43137256334031,0.0
145860.0,22.23983306762297,0.0
145920.0,24.607076719754208,0.0
145980.0,22.701161283563412,0.0
146040.0,21.427153767794568,0.0
146100.0,16.018620336241153,0.0
146160.0,14.826431823101002,0.0
146220.0,12.680819237094845,1.0
146280.0,9.984204249125858,0.0
146340.0,8.11304866971998,0.0
146400.0,7.033112023237874,0.0
146460.0,4.877861898219674,0.0
146520.0,4.491235591469729,1.0
146580.0,6.164842976067548,0.0
146640.0,7.228057071439361,0.0
146700.0,5.270839894729811,0.0
146760.0,8.543965729573928,0.0
146820.0,13.930399365116783,0.0
146880.0,16.21870555416709,0.0
146940.0,18.79159567619193,1.0
147000.0,20.907338638989877,0.0
147060.0,22.57209875657355,0.0
147120.0,22.049584972629656,0.0
147180.0,24.25098371779394,0.0
147240.0,24.352267994839362,0.0
147300.0,25.90865068667298,2.0
147360.0,21.775846639449746,0.0
147420.0,22.359739105330622,0.0
147480.0,19.395015559023342,0.0
147540.0,16.333403259154714,0.0
147600.0,19.30316786734531,0.0
147660.0,12.086763657114322,1.0
147720.0,10.608110526019889,1.0
147780.0,8.608587207557019,0.0
147840.0,8.04261807539526,0.0
147900.0,6.824922187721899,0.0
147960.0,5.1187458434791715,1.0
148020.0,5.972424632151031,0.0
148080.0,7.766307694338932,1.0
148140.0,7.916911668962474,0.0
148200.0,13.466513469996158,0.0
148260.0,11.076486796106606,1.0
148320.0,16.281867019608697,0.0
148380.0,13.141273320108304,1.0
148440.0,18.9892765958403,0.0
148500.0,22.435794058588296,1.0
148560.0,24.900578997741967,0.0
148620.0,26.146147007361858,0.0
148680.0,23.335153358830418,0.0
148740.0,25.7993359958504,1.0
148800.0,24.416308795363648,0.0
148860.0,20.428457827113917,0.0
148920.0,17.71470698144501,0.0
148980.0,16.623779352469366,0.0
149040.0,15.61165012715743,1.0
149100.0,11.901090363244595,0.0
149160.0,9.514822594325057,0.0
149220.0,6.751627408636475,2.0
149280.0,7.252367069586564,0.0
149340.0,3.8527038027770857,0.0
149400.0,5.012588893117514,0.0
149460.0,4.556019369238297,0.0
149520.0,4.806480381545732,1.0
149580.0,8.929835458701211,0.0
149640.0,11.269242764897289,0.0
149700.0,11.953346253978987,0.0
149760.0,16.141250184488925,1.0
149820.0,18.747862207176013,0.0
149880.0,20.781597734039142,0.0
149940.0,22.752473098160497,0.0
150000.0,23.252662296300283,0.0
150060.0,23.707708503921396,0.0
150120.0,22.532588809114785,0.0
150180.0,24.514614543444605,0.0
150240.0,25.595541611413715,1.0
150300.0,21.23150214758807,1.0
150360.0,20.752548450233522,0.0
150420.0,18.14492556114232,0.0
150480.0,14.804165697912708,0.0
150540.0,12.147375732146802,0.0
150600.0,8.799903593164737,0.0
150660.0,7.360963799840145,0.0
150720.0,6.615756290924467,1.0
150780.0,4.42575726635142,0.0
150840.0,4.050096879818321,1.0
150900.0,6.496191409792762,0.0
150960.0,6.522399400042474,0.0
151020.0,7.8747913681894115,0.0
151080.0,9.501297496014407,0.0
151140.0,11.57657368987227,0.0
151200.0,17.042289128125454,0.0
151260.0,19.037325106466923,0.0
151320.0,19.663655158488343,0.0
151380.0,23.740860226756624,0.0
151440.0,24.48251327691333,0.0
151500.0,22.470200040059986,0.0
151560.0,22.681854983557887,0.0
151620.0,25.339533057334986,0.0
151680.0,23.62738161947081,1.0
151740.0,22.007254762040354,0.0
151800.0,19.55435688755926,0.0
151860.0,15.86476980532708,0.0
151920.0,17.01278705243463,0.0
151980.0,13.673999397660316,0.0
152040.0,8.776089863841703,0.0
152100.0,8.370115021659,0.0
152160.0,4.715438248972683,0.0
152220.0,4.116557992929092,0.0
152280.0,6.383665500432709,0.0
152340.0,5.598355895894474,1.0
152400.0,9.23800710096402,1.0
152460.0,12.238629510352272,0.0
152520.0,9.75659938232428,0.0
152580.0,13.32407784339884,0.0
152640.0,15.981598963937977,0.0
152700.0,17.661321595159144,0.0
152760.0,18.681677895198458,1.0
152820.0,22.431169246437673,1.0
152880.0,22.501098061115243,0.0
152940.0,25.107161927670568,0.0
153000.0,26.249530089844956,14.040044412993867
153060.0,24.088665304534103,3.000373616813116
153120.0,24.483515911294024,10.063034175960171
153180.0,18.76208906057647,14.802420450479634
153240.0,22.095001734861896,3.134908210665946
153300.0,18.086974585880196,0.0
153360.0,16.033853025310112,1.0
153420.0,10.217130039083004,0.0
153480.0,8.834115371765012,0.0
153540.0,6.0856941719648905,0.0
153600.0,6.957329789598042,0.0
153660.0,4.043078679395832,0.0
153720.0,3.7703380695337185,1.0
153780.0,4.988027949814323,2.0
153840.0,7.472917496489773,0.0
153900.0,8.605282087891313,0.0
153960.0,10.57129239787475,0.0
154020.0,13.277938899438226,0.0
154080.0,14.467264163650672,1.0
154140.0,17.780091416719056,0.0
154200.0,18.549208911780937,0.0
154260.0,21.63031626836659,0.0
154320.0,25.504630035244087,0.0
154380.0,23.54207392358434,0.0
154440.0,26.49377288669063,0.0
154500.0,27.66607633695299,0.0
154560.0,25.285115431284066,0.0
154620.0,23.027274815628527,1.0
154680.0,20.1499673335612,1.0
154740.0,17.42655527795709,0.0
154800.0,16.73692364690922,1.0
154860.0,11.615412861527084,1.0
154920.0,11.792030008155137,1.0
154980.0,6.943401819349957,1.0
155040.0,5.356728897879437,0.0
155100.0,3.2547649664502316,0.0
155160.0,4.099372826307802,1.0
155220.0,2.6974736771365144,1.0
155280.0,5.084427295703006,0.0
155340.0,6.5700894720462015,0.0
155400.0,5.729221689156709,1.0
155460.0,14.544194904102135,0.0
155520.0,16.895064474689093,0.0
155580.0,16.446030082922555,0.0
155640.0,16.588275880737633,0.0
155700.0,21.18363629857171,1.0
155760.0,23.851084886056075,0.0
155820.0,24.45181973163319,0.0
155880.0,24.904106558945887,0.0
155940.0,28.26768226103874,1.0
156000.0,21.765674298933785,0.0
156060.0,23.24405834766905,1.0
156120.0,18.607074999788292,0.0
156180.0,17.813102851454136,0.0
156240.0,15.669005232721121,0.0
156300.0,12.366220870300141,0.0
156360.0,10.014464602248212,1.0
156420.0,6.303382540192232,0.0
156480.0,3.950140423633862,0.0
156540.0,5.709296446427422,0.0
156600.0,6.617882987569937,0.0
156660.0,8.110044746888864,0.0
156720.0,5.406285032163345,0.0
156780.0,8.076091529798008,0.0
156840.0,12.615423200570664,0.0
156900.0,13.125621447694813,0.0
156960.0,11.80086788005967,0.0
157020.0,12.895685431738668,0.0
157080.0,22.340599662101916,1.0
157140.0,22.05143074454396,0.0
157200.0,24.972786069495054,0.0
157260.0,25.655491982956725,0.0
157320.0,25.175260218993106,0.0
157380.0,25.12131519766796,0.0
157440.0,22.68184008734756,0.0
157500.0,21.87456105134005,0.0
157560.0,20.266010641664383,0.0
157620.0,15.759564345165813,0.0
157680.0,15.21871989718879,0.0
157740.0,11.954467266808175,0.0
157800.0,9.586116822987622,1.0
157860.0,6.188463492627277,0.0
157920.0,8.044783626151428,0.0
157980.0,4.270368380074224,0.0
158040.0,3.9109448542687426,0.0
158100.0,3.8421351228654337,1.0
158160.0,7.137078014054794,0.0
158220.0,9.443508624652944,0.0
158280.0,9.005090565202691,0.0
158340.0,12.460341726907945,1.0
158400.0,15.572709567635542,0.0
158460.0,16.4699161286274,0.0
158520.0,21.027410952300873,0.0
158580.0,21.340202918992116,0.0
158640.0,21.468813956598815,0.0
158700.0,24.17319158083655,0.0
158760.0,26.522392541257027,0.0
158820.0,25.574819662168576,1.0
158880.0,21.46232165416038,0.0
158940.0,22.824504195267387,0.0
159000.0,20.665022044164086,0.0
159060.0,18.094969948411485,0.0
159120.0,14.013378252718267,1.0
159180.0,11.476409948248682,0.0
159240.0,8.283394587175062,0.0
159300.0,6.8164015486139435,0.0
159360.0,6.807254118169197,0.0
159420.0,6.10541531496885,0.0
159480.0,4.41855861226412,0.0
159540.0,4.5750750859078035,0.0
159600.0,7.718779587259444,0.0
159660.0,7.50308084636859,0.0
159720.0,10.006908184033199,0.0
159780.0,12.513559211814808,0.0
159840.0,15.075504777912908,1.0
159900.0,18.897426216258072,0.0
159960.0,19.863482446273796,1.0
160020.0,22.293686703785554,0.0
160080.0,21.974166876794566,0.0
160140.0,24.214131800380407,0.0
160200.0,23.709641546737746,0.0
160260.0,25.894228109978194,0.0
160320.0,20.89500436123064,0.0
160380.0,26.25470989142934,0.0
160440.0,20.081179562025667,0.0
160500.0,18.603730019052,1.0
160560.0,12.71009178920687,0.0
160620.0,15.208505469874776,0.0
160680.0,8.74160231938266,0.0
160740.0,8.453512647645605,0.0
160800.0,7.727716870778792,0.0
160860.0,5.961321483389376,0.0
160920.0,6.146404561626767,0.0
160980.0,6.153484417847391,0.0
161040.0,8.102428582806906,1.0
161100.0,7.516894975307407,0.0
161160.0,11.847430036742033,1.0
161220.0,11.171140925012411,0.0
161280.0,14.521887610672009,0.0
161340.0,15.43466527761655,0.0
161400.0,18.738469950753707,1.0
161460.0,23.14946314413562,0.0
161520.0,24.744227613550116,0.0
161580.0,23.567437936182735,1.0
161640.0,23.937510092366182,0.0
161700.0,24.537727524674214,0.0
161760.0,22.07245114850304,0.0
161820.0,20.171138972088936,1.0
161880.0,19.983418288542314,0.0
161940.0,18.195011857733515,0.0
162000.0,16.336364454983606,11.880345132927335
162060.0,10.50703739325172,14.723071970481536
162120.0,8.901548523702383,8.608502633583168
162180.0,5.892208996340894,2.2603337673660713
162240.0,4.3665857456345805,2.587321862358986
162300.0,7.606052660548459,1.0
162360.0,7.743857145601831,1.0
162420.0,3.170191762048947,0.0
162480.0,5.72014042679167,0.0
162540.0,6.0737020066090075,0.0
162600.0,8.392150179204464,1.0
162660.0,11.183248485950017,0.0
162720.0,15.108372956549232,0.0
162780.0,16.22655114367965,0.0
162840.0,18.469273839103103,0.0
162900.0,21.05096295747999,0.0
162960.0,24.655312374082254,0.0
163020.0,23.46409982050788,1.0
163080.0,28.742015248731004,1.0
163140.0,24.284169066480313,0.0
163200.0,21.30563734160141,1.0
163260.0,25.095475969519022,1.0
163320.0,16.205420753554115,1.0
163380.0,18.920971764303225,0.0
163440.0,13.37162720972241,0.0
163500.0,12.813996538960174,0.0
163560.0,10.529109062894259,0.0
163620.0,10.309756011234644,0.0
163680.0,7.5898206886275785,0.0
163740.0,6.498611990382262,0.0
163800.0,3.663515230031766,0.0
163860.0,3.8812350121612487,1.0
163920.0,5.712331086084943,0.0
163980.0,8.009309768374582,0.0
164040.0,8.625190084630397,1.0
164100.0,10.760197585608449,0.0
164160.0,17.74724096156934,0.0
164220.0,18.530181018965457,0.0
164280.0,19.591392760198175,0.0
164340.0,20.80467973834563,0.0
164400.0,22.74995960561846,0.0
164460.0,26.29548790801568,0.0
164520.0,22.456898386227742,1.0
164580.0,22.185562407195604,0.0
164640.0,25.08158228217222,0.0
164700.0,20.817766614961812,0.0
164760.0,19.370611755904058,0.0
164820.0,16.62636827375298,0.0
164880.0,14.675277256439653,0.0
164940.0,11.178961187329355,0.0
165000.0,10.293021520771786,0.0
165060.0,7.973146567728462,0.0
165120.0,4.6587817249661985,1.0
165180.0,5.289194192109335,0.0
165240.0,4.351506974771442,0.0
165300.0,5.598568690192979,1.0
165360.0,3.0442071758564127,0.0
165420.0,6.826326680749264,0.0
165480.0,7.790061270538886,0.0
165540.0,9.95358424850813,0.0
165600.0,11.535832774801817,0.0
165660.0,17.263562481359397,0.0
165720.0,19.15549259094189,0.0
165780.0,23.771089044751097,0.0
165840.0,24.320423825363832,0.0
165900.0,24.139207152366918,0.0
165960.0,22.26215292860747,0.0
166020.0,23.525548108102566,0.0
166080.0,23.494200164829234,1.0
166140.0,18.379481510368603,1.0
166200.0,19.302126563853584,0.0
166260.0,16.32233877108457,0.0
166320.0,14.707258579178482,0.0
166380.0,11.326216104353387,0.0
166440.0,12.307595626813335,0.0
166500.0,9.669655345075189,0.0
166560.0,5.947645958545698,0.0
166620.0,5.108007756713893,0.0
166680.0,4.503793174363178,0.0
166740.0,4.059130889483025,0.0
166800.0,4.707252123989063,2.0
166860.0,9.115132408706668,0.0
166920.0,9.18911692571139,0.0
166980.0,13.277787178668504,0.0
167040.0,15.467191633926323,0.0
167100.0,13.423565205035892,0.0
167160.0,17.25297078099252,0.0
167220.0,21.587121771620495,0.0
167280.0,22.961393939984372,0.0
167340.0,22.767927374656736,0.0
167400.0,25.265453646416862,2.0
167460.0,23.446015837566733,0.0
167520.0,21.509641573135394,0.0
167580.0,24.93705165251175,0.0
167640.0,20.864129038861897,0.0
167700.0,14.96637839785027,1.0
167760.0,13.756636686300212,0.0
167820.0,12.52931169416222,0.0
167880.0,9.620716554237568,0.0
167940.0,8.13943070991361,0.0
168000.0,3.569444063927369,0.0
168060.0,3.7564734233104153,0.0
168120.0,5.8893070027855225,0.0
168180.0,4.924271413817502,0.0
168240.0,7.518247463504114,0.0
168300.0,7.020743848293648,0.0
168360.0,8.629647560994846,0.0
168420.0,9.17442965965993,0.0
168480.0,16.568682490661317,0.0
168540.0,15.485892401986412,0.0
168600.0,18.7264656129269,0.0
168660.0,19.390609003216017,0.0
168720.0,24.868198289325495,0.0
168780.0,24.816945204749203,0.0
168840.0,23.430734788413176,1.0
168900.0,25.39471044639733,0.0
168960.0,23.588976100729685,1.0
169020.0,21.57482256198518,0.0
169080.0,20.14331651765641,0.0
169140.0,16.47613287932912,1.0
169200.0,11.987643128525985,0.0
169260.0,10.651653420539883,1.0
169320.0,11.852125988754779,0.0
169380.0,10.235472832089538,0.0
169440.0,7.232025147450322,0.0
169500.0,5.52337797183301,0.0
169560.0,4.087288034351194,0.0
169620.0,3.067959047027908,0.0
169680.0,6.97083155279066,2.0
169740.0,9.2145513440944,0.0
169800.0,6.982660454368514,0.0
169860.0,13.831322061791933,0.0
169920.0,9.772255803310859,1.0
169980.0,15.61052102244447,0.0
170040.0,22.473120556565657,0.0
170100.0,19.85260397121638,1.0
170160.0,23.180030049442358,0.0
170220.0,22.17468939588389,0.0
170280.0,22.3856083448846,1.0
170340.0,24.86897836458705,0.0
170400.0,20.27557143036764,1.0
170460.0,23.34199050699194,0.0
170520.0,18.11992126960953,0.0
170580.0,17.0460326551083,0.0
170640.0,16.345359043052984,0.0
170700.0,10.978440794429366,0.0
170760.0,6.344444129859322,0.0
170820.0,7.776366555854393,0.0
170880.0,5.3359135687694,1.0
170940.0,6.0516746867749065,0.0
171000.0,5.46940643730241,7.008181806355519
171060.0,7.924891918456993,3.2977632592500625
171120.0,2.8843042880661645,3.2641528629501466
171180.0,7.258123579634381,2.3496593596135655
171240.0,10.291259404213779,3.2518974785324106
171300.0,11.599251399405542,0.0
171360.0,15.566669434795006,1.0
171420.0,17.09804031495012,0.0
171480.0,17.89523335517892,0.0
171540.0,23.479091072378697,0.0
171600.0,22.564984317280814,0.0
171660.0,23.854468021257187,0.0
171720.0,24.54058933193735,0.0
171780.0,26.378751569851307,0.0
171840.0,22.408228885674387,0.0
171900.0,22.349223536856677,0.0
171960.0,18.255042956404914,0.0
172020.0,16.095206806961556,2.0
172080.0,10.756066416537967,0.0
172140.0,11.560907212989788,0.0
172200.0,10.024525354901987,0.0
172260.0,8.155809014076446,1.0
172320.0,4.124786605536235,0.0
172380.0,4.437708153638549,0.0
172440.0,2.84730256228335,0.0
172500.0,6.438367446343527,0.0
172560.0,7.1317624813340235,0.0
172620.0,6.3753803184513025,2.0
172680.0,10.730932535509716,0.0
172740.0,9.794439020609815,1.0
172800.0,14.010005504175643,0.0
172860.0,17.036662524531224,0.0
172920.0,18.61393616223945,0.0
172980.0,22.674328973171782,0.0
173040.0,22.08102689855388,1.0
173100.0,24.024677610605277,0.0
173160.0,22.770410255812042,0.0
173220.0,24.074164999408243,0.0
173280.0,21.85951712368676,1.0
173340.0,20.79917487004416,0.0
173400.0,19.514237258830146,0.0
173460.0,15.318554828601801,0.0
173520.0,14.98422316194234,0.0
173580.0,13.233221547008156,0.0
173640.0,6.68575891561216,0.0
173700.0,8.99455440549778,0.0
173760.0,5.4138364122751765,1.0
173820.0,4.867075840339435,0.0
173880.0,5.649500099857456,0.0
173940.0,7.033699983358185,0.0
174000.0,6.7149982813651174,1.0
174060.0,9.215878248287947,0.0
174120.0,9.001562553540849,0.0
174180.0,12.764100269051582,0.0
174240.0,16.686380768231693,0.0
174300.0,16.42121997277401,0.0
174360.0,16.72694532648294,0.0
174420.0,22.390762381589056,0.0
174480.0,24.189734360881257,0.0
174540.0,23.43220067156943,0.0
174600.0,22.14540725663789,0.0
174660.0,25.516967022070943,1.0
174720.0,21.313733123854394,0.0
174780.0,20.338809702694476,1.0
174840.0,21.903405444880022,1.0
174900.0,15.23645568199291,0.0
174960.0,14.807311916589596,0.0
175020.0,12.32534611735732,1.0
175080.0,10.869183866756945,0.0
175140.0,7.211659725856906,0.0
175200.0,3.1698236380799365,0.0
175260.0,4.56076240099411,0.0
175320.0,2.455920036408734,0.0
175380.0,3.770094329316771,0.0
175440.0,2.3580169849012336,0.0
175500.0,4.287162256377423,0.0
175560.0,7.960339517525128,0.0
175620.0,10.587742040351937,0.0
175680.0,13.975753877968117,0.0
175740.0,13.824825749164408,1.0
175800.0,19.01110880207033,1.0
175860.0,22.41465099785988,0.0
175920.0,21.250908703599393,0.0
175980.0,22.873256364016765,0.0
176040.0,21.43276064222092,0.0
176100.0,24.484578540257573,0.0
176160.0,20.549517883796085,0.0
176220.0,19.86961247310172,1.0
176280.0,20.38661252057719,1.0
176340.0,17.29905432495408,0.0
176400.0,13.473070648231863,0.0
176460.0,10.395733922443158,0.0
176520.0,11.403253534868721,1.0
176580.0,6.482833654894066,0.0
176640.0,5.359021221791169,0.0
176700.0,4.358939042549988,0.0
176760.0,2.9102834385326437,0.0
176820.0,4.583999478488652,0.0
176880.0,5.901752508144289,0.0
176940.0,10.70089994907567,0.0
177000.0,9.107306081906342,0.0
177060.0,12.47179973461464,0.0
177120.0,14.644359236158227,1.0
177180.0,17.50430336739603,0.0
177240.0,18.19199497763978,1.0
177300.0,20.756766288105382,0.0
177360.0,23.71467195690533,0.0
177420.0,24.334182508933893,0.0
177480.0,24.01367354737556,1.0
177540.0,23.54621721941579,0.0
177600.0,23.936638738197882,0.0
177660.0,20.22234181817163,1.0
177720.0,18.73637525446599,0.0
177780.0,17.31514120988714,0.0
177840.0,15.693200905059296,0.0
177900.0,13.418699759782482,0.0
177960.0,10.92640279131362,0.0
178020.0,6.488707495574874,0.0
178080.0,3.788118476407182,0.0
178140.0,5.409996345129523,0.0
178200.0,2.6593740280942786,1.0
178260.0,5.328770621240322,0.0
178320.0,8.000824673963479,0.0
178380.0,8.309750181659073,0.0
178440.0,9.417600936444794,0.0
178500.0,8.473376369501572,0.0
178560.0,13.637138929304072,0.0
178620.0,16.156333009868174,1.0
178680.0,16.81046994144784,1.0
178740.0,20.840101728885404,0.0
178800.0,25.39166547783158,0.0
178860.0,24.974627826347835,1.0
178920.0,22.850381910106364,0.0
178980.0,22.64745679705559,0.0
179040.0,21.96785058636596,0.0
179100.0,20.775164901844263,0.0
179160.0,18.042011497064916,0.0
179220.0,16.995551533571973,0.0
179280.0,14.511144269357034,1.0
179340.0,12.938859084105271,0.0
179400.0,8.976485519442601,0.0
179460.0,5.856718593481961,0.0
179520.0,5.558685424863753,1.0
179580.0,5.67685997448948,0.0
179640.0,5.843239022052881,0.0
179700.0,6.632369787589425,0.0
179760.0,3.9708409929781707,0.0
179820.0,9.561027582676553,0.0
179880.0,12.247761207553378,0.0
179940.0,10.763689146922996,0.0
